fixed acidity,volatile acidity,citric acid,residual sugar,chlorides,free sulfur dioxide,total sulfur dioxide,density,pH,sulphates,alcohol,quality
6.4,0.4,0.19,3.2,0.033,28,124,0.9904,3.22,0.54,12.7,Good
6.6,0.25,0.39,1.45,0.04,40,89,0.9911,3.35,0.4,11.4,Good
9.2,0.18,0.49,1.5,0.041,39,130,0.9945,3.04,0.49,9.8,Good
7.8,0.28,0.34,1.6,0.028,32,118,0.9901,3,0.38,12.1,Good
7.3,0.25,0.36,13.1,0.05,35,200,0.9986,3.04,0.46,8.9,Good
6.1,0.16,0.34,6.1,0.034,31,114,0.99365,3.32,0.58,10.13333333,Good
8.2,0.42,0.29,4.1,0.03,31,100,0.9911,3,0.32,12.8,Good
6.8,0.31,0.3,8,0.028,33,122,0.99164,3.13,0.63,12.6,Good
7.8,0.15,0.34,1.1,0.035,31,93,0.99096,3.07,0.72,11.3,Good
5.8,0.2,0.27,1.4,0.031,12,77,0.9905,3.25,0.36,10.9,Good
7.9,0.16,0.64,17,0.05,69,210,1.0004,3.15,0.51,9.3,Good
7,0.17,0.36,6.4,0.055,42,123,0.99318,3.11,0.5,11,Good
6.3,0.22,0.43,4.55,0.038,31,130,0.9918,3.35,0.33,11.5,Good
5.2,0.155,0.33,1.6,0.028,13,59,0.98975,3.3,0.84,11.9,Good
6.6,0.17,0.28,1.1,0.034,55,108,0.98939,3,0.52,11.9,Good
6.4,0.105,0.29,1.1,0.035,44,140,0.99142,3.17,0.55,10.7,Good
7.2,0.33,0.22,4.5,0.031,10,73,0.99076,2.97,0.52,12.2,Good
7,0.22,0.31,2.7,0.03,41,136,0.9898,3.16,0.37,12.7,Good
6.7,0.22,0.39,10.2,0.038,60,149,0.99725,3.17,0.54,10,Good
8.1,0.17,0.44,14.1,0.053,43,145,1.0006,3.28,0.75,8.8,Good
5.8,0.32,0.31,2.7,0.049,25,153,0.99067,3.44,0.73,12.2,Good
6.6,0.29,0.31,3.9,0.027,39,96,0.99035,3.24,0.6,12.6,Good
7.3,0.25,0.36,2.1,0.034,30,177,0.99085,3.25,0.4,11.9,Good
7,0.2,0.34,2.1,0.049,12,136,0.9922,3.25,0.46,11.6,Good
6.5,0.35,0.36,0.8,0.034,32,111,0.98942,3.11,0.5,12.1,Good
6.4,0.17,0.27,1.5,0.037,20,98,0.9916,3.46,0.42,11,Good
5.8,0.17,0.34,1.8,0.045,96,170,0.99035,3.38,0.9,11.8,Good
7.4,0.19,0.3,12.8,0.053,48.5,229,0.9986,3.14,0.49,9.1,Good
5.5,0.15,0.32,14,0.031,16,99,0.99437,3.26,0.38,11.5,Good
7,0.23,0.36,7.1,0.028,31,104,0.9922,3.35,0.47,12.1,Good
7.2,0.26,0.24,7,0.023,19,130,0.99176,3.14,0.49,12.8,Good
7,0.12,0.29,10.3,0.039,41,98,0.99564,3.19,0.38,9.8,Good
7.6,0.4,0.27,5.2,0.03,32,101,0.99172,3.22,0.62,12.3,Good
8,0.13,0.25,1.1,0.033,15,86,0.99044,2.98,0.39,11.2,Good
5.2,0.2,0.27,3.2,0.047,16,93,0.99235,3.44,0.53,10.1,Good
6.8,0.18,0.28,9.8,0.039,29,113,0.99406,3.11,0.45,10.9,Good
6.7,0.28,0.31,7.4,0.041,7,81,0.99254,3.04,0.47,11.4,Good
7.2,0.58,0.27,5.8,0.032,40,118,0.99088,3.17,0.53,13,Good
6.8,0.22,0.35,5.5,0.043,21,114,0.9938,3.3,0.53,10.7,Good
6.4,0.33,0.28,4,0.04,24,81,0.9903,3.26,0.64,12.6,Good
8.7,0.23,0.32,13.4,0.044,35,169,0.99975,3.12,0.47,8.8,Good
7,0.22,0.26,9.2,0.027,37,122,0.99228,3.06,0.34,12.5,Good
6.3,0.22,0.34,5,0.032,36,93,0.99012,3.27,0.36,13.5,Good
6.9,0.18,0.36,1.3,0.036,40,117,0.9934,3.27,0.95,9.5,Good
6.9,0.48,0.36,3.5,0.03,31,135,0.9904,3.14,0.38,12.2,Good
5.8,0.61,0.01,8.4,0.041,31,104,0.9909,3.26,0.72,14.05,Good
7,0.31,0.31,9.1,0.036,45,140,0.99216,2.98,0.31,12,Good
7.4,0.19,0.3,12.8,0.053,48.5,229,0.9986,3.14,0.49,9.1,Good
7.2,0.24,0.29,2.2,0.037,37,102,0.992,3.27,0.64,11,Good
5.1,0.42,0.01,1.5,0.017,25,102,0.9894,3.38,0.36,12.3,Good
6.4,0.29,0.24,3.2,0.037,31,95,0.98942,2.9,0.66,12.6,Good
6.4,0.15,0.44,1.2,0.043,67,150,0.9907,3.14,0.73,11.2,Good
7.5,0.28,0.34,4.2,0.028,36,116,0.991,2.99,0.41,12.3,Good
7.1,0.35,0.27,3.1,0.034,28,134,0.9897,3.26,0.38,13.1,Good
8.4,0.22,0.3,1.3,0.038,45,122,0.99178,3.13,0.54,10.8,Good
7,0.32,0.31,6.4,0.031,38,115,0.99235,3.38,0.58,12.2,Good
6.7,0.16,0.37,1.3,0.036,45,125,0.98964,3.19,0.51,12.4,Good
6.5,0.08,0.33,1.9,0.028,23,93,0.991,3.34,0.7,12,Good
6.3,0.41,0.22,7.3,0.035,23,117,0.99172,3.2,0.39,11.94,Good
5.8,0.35,0.29,3.2,0.034,41,151,0.9912,3.35,0.58,11.63333333,Good
7.7,0.17,0.52,5.9,0.017,21,84,0.9929,3.14,0.4,11.9,Good
7.1,0.33,0.25,1.6,0.03,25,126,0.9901,3.22,0.34,12.1,Good
6.8,0.19,0.32,7.6,0.049,37,107,0.99332,3.12,0.44,10.7,Good
9.2,0.25,0.34,1.2,0.026,31,93,0.9916,2.93,0.37,11.3,Good
5.8,0.26,0.18,1.2,0.031,40,114,0.9908,3.42,0.4,11,Good
6.5,0.28,0.34,3.6,0.04,29,121,0.99111,3.28,0.48,12.1,Good
8.1,0.3,0.49,12.3,0.049,50,144,0.9971,3.09,0.57,10.2,Good
6.1,0.36,0.27,2.1,0.035,16,100,0.9917,3.4,0.71,11.5,Good
7.2,0.18,0.31,1.1,0.045,20,73,0.9925,3.32,0.4,10.8,Good
7.2,0.25,0.28,14.4,0.055,55,205,0.9986,3.12,0.38,9,Good
6.7,0.28,0.34,8.9,0.048,32,111,0.99455,3.25,0.54,11,Good
6.7,0.31,0.3,2.4,0.038,30,83,0.98867,3.09,0.36,12.8,Good
6.7,0.13,0.28,1.2,0.046,35,140,0.9927,3.33,0.33,10.1,Good
6.5,0.13,0.37,1,0.036,48,114,0.9911,3.41,0.51,11.5,Good
6.7,0.12,0.3,5.2,0.048,38,113,0.99352,3.33,0.44,10.1,Good
7.4,0.16,0.27,15.5,0.05,25,135,0.9984,2.9,0.43,8.7,Good
7.3,0.19,0.27,13.9,0.057,45,155,0.99807,2.94,0.41,8.8,Good
8,0.44,0.49,9.1,0.031,46,151,0.9926,3.16,0.27,12.7,Good
5.6,0.18,0.58,1.25,0.034,29,129,0.98984,3.51,0.6,12,Good
5.4,0.23,0.36,1.5,0.03,74,121,0.98976,3.24,0.99,12.1,Good
6.6,0.36,0.28,6.1,0.029,12,93,0.99054,3.19,0.27,12.8,Good
5.8,0.275,0.3,5.4,0.043,41,149,0.9926,3.33,0.42,10.8,Good
7.3,0.17,0.24,8.1,0.121,32,162,0.99508,3.17,0.38,10.4,Good
7.4,0.19,0.3,12.8,0.053,48.5,229,0.9986,3.14,0.49,9.1,Good
4.9,0.33,0.31,1.2,0.016,39,150,0.98713,3.33,0.59,14,Good
6.6,0.2,0.32,1.1,0.039,25,78,0.9926,3.39,0.54,10.2,Good
6.6,0.2,0.27,10.9,0.038,29,130,0.99496,3.11,0.44,10.5,Good
6,0.34,0.24,5.4,0.06,23,126,0.9951,3.25,0.44,9,Good
7.3,0.23,0.27,2.6,0.035,39,120,0.99138,3.04,0.59,11.3,Good
5.9,0.24,0.28,1.3,0.032,36,95,0.98889,3.08,0.64,12.9,Good
6.9,0.22,0.32,9.3,0.04,22,110,0.9958,3.34,0.54,10.7,Good
6.1,0.25,0.3,1.2,0.036,42,107,0.991,3.34,0.56,10.8,Good
8.6,0.265,0.36,1.2,0.034,15,80,0.9913,2.95,0.36,11.4,Good
6.4,0.23,0.32,1.9,0.038,40,118,0.99074,3.32,0.53,11.8,Good
7.2,0.19,0.31,6.3,0.034,17,103,0.99305,3.15,0.52,11.4,Good
7.6,0.39,0.32,3.6,0.035,22,93,0.99144,3.08,0.6,12.5,Good
6.2,0.255,0.27,1.3,0.037,30,86,0.98834,3.05,0.59,12.9,Good
6.6,0.26,0.21,2.9,0.026,48,126,0.99089,3.22,0.38,11.3,Good
7.2,0.25,0.28,14.4,0.055,55,205,0.9986,3.12,0.38,9,Good
6.1,0.35,0.24,2.3,0.034,25,133,0.9906,3.34,0.59,12,Good
6.8,0.32,0.32,8.7,0.029,31,105,0.99146,3,0.34,12.3,Good
6.9,0.31,0.32,1.6,0.036,34,114,0.99068,3.19,0.45,11.4,Good
7,0.24,0.35,1.5,0.052,51,128,0.9941,3.41,0.59,10.4,Good
6.45,0.14,0.42,1.2,0.05,51,129,0.99116,3.27,0.69,11.1,Good
6.2,0.3,0.3,2.5,0.041,29,82,0.99065,3.31,0.61,11.8,Good
6.3,0.41,0.3,3.2,0.03,49,164,0.9927,3.53,0.79,11.7,Good
7.4,0.18,0.42,2.1,0.036,33,187,0.9938,3.4,0.41,10.6,Good
6,0.31,0.27,2.3,0.042,19,120,0.98952,3.32,0.41,12.7,Good
6.5,0.44,0.47,5.45,0.014,44,137,0.98984,3.13,0.32,13,Good
6,0.28,0.27,15.5,0.036,31,134,0.99408,3.19,0.44,13,Good
6.6,0.19,0.25,1.2,0.052,34,181,0.99352,3.3,0.42,9.4,Good
6.6,0.21,0.29,5.35,0.029,43,106,0.99112,2.93,0.43,11.5,Good
7.3,0.26,0.33,17.85,0.049,41.5,195,1,3.06,0.44,9.1,Good
6.7,0.18,0.28,10.2,0.039,29,115,0.99469,3.11,0.45,10.9,Good
7.4,0.49,0.24,15.1,0.03,34,153,0.9953,3.13,0.51,12,Good
6.2,0.39,0.24,4.8,0.037,45,138,0.99174,3.23,0.43,11.2,Good
5.8,0.3,0.38,4.9,0.039,22,86,0.98963,3.23,0.58,13.1,Good
6.4,0.22,0.38,9.1,0.044,35,127,0.99326,2.97,0.3,11,Good
7.3,0.41,0.29,1.8,0.032,26,74,0.98889,2.96,0.35,13,Good
5.2,0.155,0.33,1.6,0.028,13,59,0.98975,3.3,0.84,11.9,Good
6,0.26,0.42,5.2,0.027,70,178,0.9914,3.4,0.4,12.3,Good
6.3,0.19,0.29,2,0.022,33,96,0.98902,3.04,0.54,12.8,Good
6.7,0.18,0.28,10.2,0.039,29,115,0.99469,3.11,0.45,10.9,Good
6.4,0.22,0.32,7.2,0.028,15,83,0.993,3.13,0.55,10.9,Good
7.1,0.44,0.23,5.8,0.035,24,100,0.99062,3.15,0.57,13.2,Good
5.9,0.3,0.47,7.85,0.03,19,133,0.9933,3.52,0.43,11.5,Good
7.6,0.52,0.49,14,0.034,37,156,0.9958,3.14,0.38,11.8,Good
7,0.15,0.28,14.7,0.051,29,149,0.99792,2.96,0.39,9,Good
7,0.32,0.27,7.1,0.027,37,122,0.99165,3.15,0.6,12.6,Good
6.7,0.34,0.3,8.5,0.059,24,152,0.99615,3.46,0.64,11,Good
5.4,0.5,0.13,5,0.028,12,107,0.99079,3.48,0.88,13.5,Good
6.9,0.19,0.31,19.25,0.043,38,167,0.99954,2.93,0.52,9.1,Good
6.7,0.11,0.34,8.8,0.043,41,113,0.9962,3.42,0.4,9.3,Good
6.6,0.25,0.41,7.4,0.043,29,151,0.9946,3.15,0.6,10.2,Good
7,0.24,0.32,1.3,0.037,39,123,0.992,3.17,0.42,11.2,Good
6.5,0.24,0.32,7.6,0.038,48,203,0.9958,3.45,0.54,9.7,Good
7.3,0.25,0.36,13.1,0.05,35,200,0.9986,3.04,0.46,8.9,Good
7.1,0.2,0.36,11.6,0.042,45,124,0.997,2.92,0.59,9.5,Good
7,0.36,0.32,10.5,0.045,35,135,0.9935,3.09,0.33,11.6,Good
7.8,0.17,0.23,1.7,0.029,39,128,0.99272,3.37,0.41,10.7,Good
7.3,0.21,0.29,1.6,0.034,29,118,0.9917,3.3,0.5,11,Good
6.8,0.22,0.31,6.9,0.037,33,121,0.99176,3.02,0.39,11.9,Good
6.1,0.27,0.31,1.5,0.035,17,83,0.99076,3.32,0.44,11.1,Good
6.9,0.21,0.28,2.4,0.056,49,159,0.9944,3.02,0.47,8.8,Good
6.3,0.23,0.21,5.1,0.035,29,142,0.9942,3.36,0.33,10.1,Good
7.6,0.33,0.35,6.3,0.036,12,126,0.9924,3.16,0.39,12,Good
6.7,0.48,0.32,1.4,0.021,22,121,0.9889,3.15,0.53,12.7,Good
6.1,0.22,0.4,1.85,0.031,25,111,0.98966,3.03,0.3,11.8,Good
7.1,0.23,0.3,2.6,0.034,62,148,0.99121,3.03,0.56,11.3,Good
5.9,0.3,0.3,2,0.03,38,142,0.98892,3.41,0.41,12.9,Good
6.5,0.18,0.41,14.2,0.039,47,129,0.99678,3.28,0.72,10.3,Good
6.8,0.39,0.34,7.4,0.02,38,133,0.99212,3.18,0.44,12,Good
7.4,0.19,0.49,9.3,0.03,26,132,0.994,2.99,0.32,11,Good
6.1,0.32,0.24,1.5,0.036,38,124,0.9898,3.29,0.42,12.4,Good
6.4,0.14,0.31,1.2,0.034,53,138,0.99084,3.38,0.35,11.5,Good
7,0.32,0.31,6.4,0.031,38,115,0.99235,3.38,0.58,12.2,Good
5.6,0.255,0.57,10.7,0.056,66,171,0.99464,3.25,0.61,10.4,Good
7.3,0.19,0.27,13.9,0.057,45,155,0.99807,2.94,0.41,8.8,Good
6.2,0.25,0.25,1.4,0.03,35,105,0.9912,3.3,0.44,11.1,Good
5.8,0.28,0.34,2.2,0.037,24,125,0.98986,3.36,0.33,12.8,Good
6.1,0.28,0.27,4.7,0.03,56,140,0.99042,3.16,0.42,12.5,Good
6.8,0.25,0.34,14,0.032,47,133,0.9952,3.37,0.5,12.2,Good
5.8,0.28,0.28,4.2,0.044,52,158,0.992,3.35,0.44,10.7,Good
5.8,0.22,0.29,0.9,0.034,34,89,0.98936,3.14,0.36,11.1,Good
4.8,0.21,0.21,10.2,0.037,17,112,0.99324,3.66,0.48,12.2,Good
5.9,0.37,0.32,1.6,0.029,41,102,0.98916,3.41,0.55,12.7,Good
6.3,0.22,0.28,2.4,0.042,38,102,0.98998,3.14,0.37,11.6,Good
6.7,0.24,0.3,3.85,0.042,105,179,0.99189,3.04,0.59,11.3,Good
5.2,0.44,0.04,1.4,0.036,43,119,0.9894,3.36,0.33,12.1,Good
7.9,0.28,0.41,2,0.044,50,152,0.9934,3.45,0.49,10.7,Good
7.1,0.2,0.27,9.6,0.037,19,105,0.99444,3.04,0.37,10.5,Good
7.4,0.16,0.27,15.5,0.05,25,135,0.9984,2.9,0.43,8.7,Good
6,0.26,0.29,3.1,0.041,37,144,0.98944,3.22,0.39,12.8,Good
6.6,0.22,0.37,1.2,0.059,45,199,0.993,3.37,0.55,10.3,Good
7.3,0.23,0.37,1.9,0.041,51,165,0.9908,3.26,0.4,12.2,Good
6.8,0.18,0.35,5.4,0.054,53,143,0.99287,3.1,0.54,11,Good
7.1,0.26,0.34,14.4,0.067,35,189,0.9986,3.07,0.53,9.1,Good
6.4,0.24,0.31,2.8,0.038,41,114,0.99155,3.37,0.66,11.7,Good
5.8,0.21,0.32,1.6,0.045,38,95,0.98946,3.23,0.94,12.4,Good
5.9,0.27,0.29,11.4,0.036,31,115,0.9949,3.35,0.48,10.5,Good
6.4,0.105,0.29,1.1,0.035,44,140,0.99142,3.17,0.55,10.7,Good
5.9,0.24,0.3,2,0.033,28,92,0.99225,3.39,0.69,10.9,Good
7.3,0.19,0.27,13.9,0.057,45,155,0.99807,2.94,0.41,8.8,Good
6.5,0.33,0.3,3.8,0.036,34,88,0.99028,3.25,0.63,12.5,Good
7.1,0.21,0.31,3.8,0.021,40,142,0.99215,3.17,0.39,10.8,Good
5.9,0.48,0.3,1.5,0.037,19,78,0.99057,3.47,0.42,11.9,Good
7.1,0.13,0.29,15.5,0.064,56,115.5,0.99737,3.16,0.41,9.7,Good
6.2,0.36,0.32,4,0.036,44,92,0.98936,3.2,0.5,13.3,Good
6.5,0.18,0.41,14.2,0.039,47,129,0.99678,3.28,0.72,10.3,Good
5.6,0.19,0.26,1.4,0.03,12,76,0.9905,3.25,0.37,10.9,Good
6,0.29,0.41,10.8,0.048,55,149,0.9937,3.09,0.59,10.96666667,Good
5.6,0.12,0.33,2.9,0.044,21,73,0.98896,3.17,0.32,12.9,Good
7.4,0.16,0.3,13.7,0.056,33,168,0.99825,2.9,0.44,8.7,Good
8.1,0.3,0.49,8.1,0.037,26,174,0.9943,3.1,0.3,11.2,Good
7.1,0.25,0.49,3,0.03,30,96,0.9903,3.13,0.39,12.3,Good
6.8,0.27,0.49,1.2,0.044,35,126,0.99,3.13,0.48,12.1,Good
6.5,0.29,0.53,1.7,0.04,41,192,0.9922,3.26,0.59,10.4,Good
6.4,0.25,0.28,4.9,0.03,29,98,0.99024,3.09,0.58,12.8,Good
7.4,0.18,0.29,1.4,0.042,34,101,0.99384,3.54,0.6,10.5,Good
8.7,0.23,0.32,13.4,0.044,35,169,0.99975,3.12,0.47,8.8,Good
7,0.53,0.43,6.1,0.029,6,76,0.99118,3.08,0.5,12.5,Good
6.9,0.23,0.38,8.3,0.047,47,162,0.9954,3.34,0.52,10.5,Good
7.4,0.16,0.27,15.5,0.05,25,135,0.9984,2.9,0.43,8.7,Good
7.1,0.13,0.4,1.2,0.047,54,134,0.9932,3.3,0.97,9.8,Good
7.1,0.36,0.4,1.95,0.033,26,118,0.98934,3.2,0.45,13.5,Good
6.2,0.66,0.48,1.2,0.029,29,75,0.9892,3.33,0.39,12.8,Good
7.1,0.36,0.37,4.8,0.019,39,114,0.99036,3.08,0.49,12.7,Good
6.8,0.18,0.28,9.8,0.039,29,113,0.99406,3.11,0.45,10.9,Good
5.6,0.35,0.4,6.3,0.022,23,174,0.9922,3.54,0.5,11.6,Good
7.4,0.18,0.31,1.4,0.058,38,167,0.9931,3.16,0.53,10,Good
9.1,0.27,0.45,10.6,0.035,28,124,0.997,3.2,0.46,10.4,Good
6.8,0.18,0.28,9.8,0.039,29,113,0.99406,3.11,0.45,10.9,Good
6.8,0.28,0.43,7.6,0.03,30,110,0.99164,3.08,0.59,12.5,Good
6.5,0.08,0.33,1.9,0.028,23,93,0.991,3.34,0.7,12,Good
6.1,0.44,0.28,4.25,0.032,43,132,0.9916,3.26,0.47,11.26666667,Good
6.4,0.28,0.29,1.6,0.052,34,127,0.9929,3.48,0.56,10.5,Good
6.8,0.19,0.33,1.3,0.031,22,87,0.98987,3.08,0.62,12.3,Good
6.5,0.29,0.31,1.7,0.035,24,79,0.99053,3.27,0.69,11.4,Good
6.3,0.36,0.28,2.5,0.035,18,73,0.98868,3.1,0.47,12.8,Good
7.3,0.19,0.27,13.9,0.057,45,155,0.99807,2.94,0.41,8.8,Good
6.8,0.17,0.35,1.8,0.04,29,84,0.98961,2.91,0.57,12,Good
6.7,0.18,0.37,1.3,0.027,42,125,0.98939,3.24,0.37,12.8,Good
7.3,0.18,0.29,1.2,0.044,12,143,0.9918,3.2,0.48,11.3,Good
6.6,0.23,0.32,0.9,0.041,25,79,0.9926,3.39,0.54,10.2,Good
6.6,0.21,0.6,1.1,0.135,61,144,0.9927,3.12,0.39,9.3,Good
6.7,0.11,0.34,8.8,0.043,41,113,0.9962,3.42,0.4,9.3,Good
7,0.32,0.34,1.3,0.042,20,69,0.9912,3.31,0.65,12,Good
7.3,0.28,0.42,14.4,0.04,49,173,0.9994,3.28,0.82,9,Good
6.3,0.35,0.3,5.7,0.035,8,97,0.9927,3.27,0.41,11,Good
7.6,0.2,0.3,14.2,0.056,53,212.5,0.999,3.14,0.46,8.9,Good
5,0.27,0.32,4.5,0.032,58,178,0.98956,3.45,0.31,12.6,Good
6,0.2,0.33,1.1,0.039,45,126,0.99051,3.31,0.45,11.6,Good
7.3,0.19,0.27,13.9,0.057,45,155,0.99807,2.94,0.41,8.8,Good
6.4,0.29,0.32,2.4,0.014,34,89,0.99008,3.24,0.66,12.5,Good
6.8,0.32,0.28,4.8,0.034,25,100,0.99026,3.08,0.47,12.4,Good
5.2,0.285,0.29,5.15,0.035,64,138,0.9895,3.19,0.34,12.4,Good
7.4,0.16,0.3,13.7,0.056,33,168,0.99825,2.9,0.44,8.7,Good
7.4,0.16,0.27,15.5,0.05,25,135,0.9984,2.9,0.43,8.7,Good
7.3,0.22,0.4,14.75,0.042,44.5,129.5,0.9998,3.36,0.41,9.1,Good
7.1,0.2,0.36,11.6,0.042,45,124,0.997,2.92,0.59,9.5,Good
7.7,0.16,0.41,1.7,0.048,60,173,0.9932,3.24,0.66,11.2,Good
8.2,0.37,0.36,1,0.034,17,93,0.9906,3.04,0.32,11.7,Good
7.3,0.21,0.49,1.8,0.038,44,152,0.9912,3.32,0.44,12.6,Good
6.1,0.36,0.26,8.15,0.035,14,88,0.99031,3.06,0.27,13,Good
6.1,0.34,0.27,2.6,0.024,20,105,0.9906,3.4,0.67,12.2,Good
6.5,0.36,0.28,3.2,0.037,29,119,0.9908,3.25,0.65,12.4,Good
6.6,0.2,0.38,7.9,0.052,30,145,0.9947,3.32,0.56,11,Good
6.2,0.2,0.26,9.7,0.03,39,102,0.9908,3.08,0.56,12.9,Good
6.8,0.21,0.26,11.7,0.038,61,152,0.99523,3.02,0.56,10.5,Good
6.8,0.31,0.3,8,0.028,33,122,0.99164,3.13,0.63,12.6,Good
7.8,0.21,0.49,1.2,0.036,20,99,0.99,3.05,0.28,12.1,Good
6.5,0.26,0.39,1.4,0.02,12,66,0.99089,3.25,0.75,11.3,Good
6.3,0.41,0.3,3.2,0.03,49,164,0.9927,3.53,0.79,11.7,Good
5.9,0.28,0.39,1.4,0.031,47,147,0.98836,3.08,0.64,12.9,Good
5.9,0.27,0.27,5,0.035,14,97,0.99058,3.1,0.33,11.8,Good
6.6,0.17,0.38,1.5,0.032,28,112,0.9914,3.25,0.55,11.4,Good
6,0.28,0.52,6.2,0.028,37,104,0.99161,3.28,0.51,11.8,Good
5.7,0.15,0.47,11.4,0.035,49,128,0.99456,3.03,0.34,10.5,Good
6,0.26,0.32,3.5,0.028,29,113,0.9912,3.4,0.71,12.3,Good
7.4,0.16,0.3,13.7,0.056,33,168,0.99825,2.9,0.44,8.7,Good
6.6,0.5,0.26,11.3,0.029,32,110,0.99302,3.27,0.78,12.9,Good
6.8,0.23,0.3,1.7,0.043,19,95,0.99207,3.17,0.46,10.7,Good
6.9,0.24,0.49,1.3,0.032,35,148,0.9932,3.45,0.57,10.7,Good
7.1,0.25,0.25,1.6,0.046,50,181,0.9925,3.2,0.42,11,Good
6.2,0.39,0.24,4.8,0.037,45,138,0.99174,3.23,0.43,11.2,Good
7.5,0.23,0.49,7.7,0.049,61,209,0.9941,3.14,0.3,11.1,Good
7.5,0.21,0.32,4.8,0.056,39,113,0.99393,3.11,0.52,10.2,Good
6.5,0.36,0.38,10.2,0.028,20,82,0.99274,3.1,0.43,12.1,Good
6.5,0.37,0.3,2.2,0.033,39,107,0.98894,3.22,0.53,13.5,Good
7,0.22,0.26,9.2,0.027,37,122,0.99228,3.06,0.34,12.5,Good
7.1,0.27,0.27,10.4,0.041,26,114,0.99335,3.04,0.52,11.5,Good
6.6,0.36,0.29,1.6,0.021,24,85,0.98965,3.41,0.61,12.4,Good
6.8,0.24,0.4,1.8,0.047,34,105,0.99,3.13,0.49,12.8,Good
6.7,0.21,0.42,9.1,0.049,31,150,0.9953,3.12,0.74,9.9,Good
6.6,0.33,0.31,1.3,0.02,29,89,0.99035,3.26,0.44,12.4,Good
6.1,0.24,0.32,9,0.031,41,134,0.99234,3.25,0.26,12.3,Good
5.6,0.19,0.31,2.7,0.027,11,100,0.98964,3.46,0.4,13.2,Good
7.1,0.25,0.39,2.1,0.036,30,124,0.9908,3.28,0.43,12.2,Good
6.5,0.3,0.32,2,0.044,34,90,0.99185,3.37,0.68,11,Good
5.3,0.26,0.23,5.15,0.034,48,160,0.9952,3.82,0.51,10.5,Good
7.8,0.29,0.36,7,0.042,38,161,0.9941,3.26,0.37,11.2,Good
6.7,0.35,0.32,9,0.032,29,113,0.99188,3.13,0.65,12.9,Good
7.1,0.44,0.37,2.7,0.041,35,128,0.9896,3.07,0.43,13.5,Good
7.2,0.25,0.28,14.4,0.055,55,205,0.9986,3.12,0.38,9,Good
7.1,0.12,0.3,3.1,0.018,15,37,0.99004,3.02,0.52,11.9,Good
7.3,0.17,0.24,8.1,0.121,32,162,0.99508,3.17,0.38,10.4,Good
7.4,0.24,0.26,1.6,0.058,53,150,0.9936,3.18,0.5,9.9,Good
7.3,0.19,0.27,1.6,0.027,35,136,0.99248,3.38,0.54,11,Good
7.2,0.35,0.25,5.6,0.032,23,120,0.99334,2.93,0.66,10.3,Good
6.6,0.33,0.4,2.65,0.041,35,86,0.98916,3.11,0.39,13.3,Good
4.4,0.32,0.39,4.3,0.03,31,127,0.98904,3.46,0.36,12.8,Good
7,0.36,0.32,10.05,0.045,37,131,0.99352,3.09,0.33,11.7,Good
6.6,0.12,0.25,1.4,0.039,21,131,0.99114,3.2,0.45,11.2,Good
5.9,0.22,0.29,4.2,0.037,69,144,0.99214,3.13,0.74,10.8,Good
7.4,0.4,0.29,5.4,0.044,31,122,0.994,3.3,0.5,11.1,Good
7.6,0.2,0.26,4.8,0.033,26,76,0.99076,2.98,0.49,12.3,Good
7.1,0.22,0.33,2.8,0.033,48,153,0.9899,3.15,0.38,12.7,Good
6.5,0.36,0.49,2.9,0.03,16,94,0.9902,3.1,0.49,12.1,Good
6.5,0.22,0.29,7.4,0.028,16,87,0.99311,3.15,0.56,10.9,Good
6.7,0.47,0.29,4.75,0.034,29,134,0.99056,3.29,0.46,13,Good
7.1,0.26,0.37,5.5,0.025,31,105,0.99082,3.06,0.33,12.6,Good
7.3,0.19,0.27,13.9,0.057,45,155,0.99807,2.94,0.41,8.8,Good
7,0.28,0.32,7.75,0.032,30,114,0.99158,3.12,0.64,12.8,Good
6.4,0.15,0.36,1.8,0.034,43,150,0.9922,3.42,0.69,11,Good
6.8,0.28,0.43,7.6,0.03,30,110,0.99164,3.08,0.59,12.5,Good
6,0.32,0.3,1.9,0.033,41,142,0.98912,3.29,0.42,12.8,Good
6.1,0.32,0.25,1.7,0.034,37,136,0.992,3.47,0.5,10.8,Good
6.5,0.115,0.29,1.95,0.038,73,166,0.989,3.12,0.25,12.9,Good
5.1,0.33,0.22,1.6,0.027,18,89,0.9893,3.51,0.38,12.5,Good
7.7,0.43,0.28,4.5,0.046,33,102,0.9918,3.16,0.56,12.2,Good
6.2,0.35,0.31,2.6,0.036,37,92,0.98938,3.27,0.53,12.8,Good
7,0.24,0.36,2.8,0.034,22,112,0.99,3.19,0.38,12.6,Good
8.5,0.23,0.34,1.3,0.035,54,110,0.99176,3.07,0.55,11,Good
6.6,0.24,0.3,11.3,0.026,11,77,0.99381,3.13,0.55,12.8,Good
6.1,0.28,0.27,4.7,0.03,56,140,0.99042,3.16,0.42,12.5,Good
8.2,0.42,0.29,4.1,0.03,31,100,0.9911,3,0.32,12.8,Good
7,0.15,0.3,13.3,0.049,46,120,0.99704,3.2,0.36,9.5,Good
7.4,0.2,0.31,1.6,0.038,34,116,0.9912,3.25,0.39,12,Good
7,0.18,0.26,1.4,0.044,46,89,0.99256,3.39,0.48,10.7,Good
6.4,0.22,0.38,9.1,0.044,35,127,0.99326,2.97,0.3,11,Good
7.4,0.21,0.27,7.3,0.031,41,144,0.9932,3.15,0.38,11.8,Good
6.9,0.3,0.45,1.4,0.039,36,122,0.99059,3.07,0.47,11.1,Good
7.1,0.28,0.28,8.5,0.03,25,191,0.99338,3.16,0.46,12.2,Good
7.3,0.19,0.49,15.55,0.058,50,134,0.9998,3.42,0.36,9.1,Good
6.1,0.24,0.26,1.7,0.033,61,134,0.9903,3.19,0.81,11.9,Good
7.1,0.34,0.31,5.2,0.032,36,140,0.99166,3.35,0.47,12.3,Good
7.9,0.37,0.3,2.7,0.029,64,158,0.9916,3.12,0.59,12,Good
3.9,0.225,0.4,4.2,0.03,29,118,0.989,3.57,0.36,12.8,Good
5.4,0.46,0.15,2.1,0.026,29,130,0.98953,3.39,0.77,13.4,Good
6.8,0.16,0.4,2.3,0.037,18,102,0.9923,3.49,0.42,11.4,Good
6.5,0.37,0.33,3.9,0.027,40,130,0.9906,3.28,0.39,12.7,Good
6,0.38,0.26,3.5,0.035,38,111,0.98872,3.18,0.47,13.6,Good
5.8,0.3,0.42,1.1,0.036,19,113,0.98871,3.1,0.46,12.6,Good
6.8,0.39,0.34,7.4,0.02,38,133,0.99212,3.18,0.44,12,Good
8.2,0.15,0.48,2.7,0.052,24,190,0.995,3.5,0.45,10.9,Good
7.6,0.2,0.3,14.2,0.056,53,212.5,0.999,3.14,0.46,8.9,Good
5.2,0.31,0.2,2.4,0.027,27,117,0.98886,3.56,0.45,13,Good
7.4,0.19,0.3,12.8,0.053,48.5,229,0.9986,3.14,0.49,9.1,Good
7.7,0.27,0.34,1.8,0.028,26,168,0.9911,2.99,0.48,12.1,Good
7.1,0.18,0.36,1.4,0.043,31,87,0.9898,3.26,0.37,12.7,Good
8,0.37,0.32,1.6,0.04,32,166,0.992,3,0.55,11.3,Good
6,0.32,0.33,9.9,0.032,22,90,0.99258,3.1,0.43,12.1,Good
7.2,0.19,0.31,6.3,0.034,17,103,0.99305,3.15,0.52,11.4,Good
7.3,0.33,0.4,6.85,0.038,32,138,0.992,3.03,0.3,11.9,Good
5,0.17,0.56,1.5,0.026,24,115,0.9906,3.48,0.39,10.8,Good
6.8,0.13,0.39,1.4,0.034,19,102,0.99121,3.23,0.6,11.3,Good
7.8,0.2,0.24,1.6,0.026,26,189,0.991,3.08,0.74,12.1,Good
7,0.15,0.28,14.7,0.051,29,149,0.99792,2.96,0.39,9,Good
7.2,0.23,0.39,14.2,0.058,49,192,0.9979,2.98,0.48,9,Good
6.2,0.22,0.49,6,0.029,31,128,0.9928,3.41,0.36,11.3,Good
5.6,0.41,0.24,1.9,0.034,10,53,0.98815,3.32,0.5,13.5,Good
7,0.15,0.28,14.7,0.051,29,149,0.99792,2.96,0.39,9,Good
6.7,0.35,0.32,9,0.032,29,113,0.99188,3.13,0.65,12.9,Good
8.2,0.22,0.36,6.8,0.034,12,90,0.9944,3.01,0.38,10.5,Good
5.8,0.31,0.32,4.5,0.024,28,94,0.98906,3.25,0.52,13.7,Good
5,0.29,0.54,5.7,0.035,54,155,0.98976,3.27,0.34,12.9,Good
6.2,0.37,0.24,6.1,0.032,19,86,0.98934,3.04,0.26,13.4,Good
6.9,0.12,0.36,2.2,0.037,18,111,0.9919,3.41,0.82,11.9,Good
7.4,0.22,0.27,1.6,0.057,45,98,0.99299,3.29,0.44,9.9,Good
6.5,0.23,0.39,1.9,0.036,41,98,0.99,3.19,0.43,11.9,Good
6.5,0.18,0.33,1.4,0.029,35,138,0.99114,3.36,0.6,11.5,Good
5.4,0.22,0.35,6.5,0.029,26,87,0.99092,3.29,0.44,12.5,Good
5.8,0.3,0.38,4.9,0.039,22,86,0.98963,3.23,0.58,13.1,Good
7.9,0.46,0.32,4.1,0.033,40,138,0.9912,3.18,0.44,12.8,Good
6,0.18,0.31,1.4,0.036,14,75,0.99085,3.34,0.58,11.1,Good
6.6,0.23,0.3,4.6,0.06,29,154,0.99142,3.23,0.49,12.2,Good
6.3,0.34,0.31,6,0.02,18,68,0.98981,3.22,0.29,13.4,Good
5.8,0.34,0.16,7,0.037,26,116,0.9949,3.46,0.45,10,Good
6.8,0.475,0.33,3.95,0.047,16,81,0.98988,3.23,0.53,13.4,Good
6.5,0.18,0.41,14.2,0.039,47,129,0.99678,3.28,0.72,10.3,Good
6.9,0.28,0.3,1.6,0.047,46,132,0.9918,3.35,0.38,11.1,Good
7,0.3,0.51,13.6,0.05,40,168,0.9976,3.07,0.52,9.6,Good
6.8,0.21,0.27,2.1,0.03,26,139,0.99,3.16,0.61,12.6,Good
5,0.3,0.33,3.7,0.03,54,173,0.9887,3.36,0.3,13,Good
5.4,0.46,0.15,2.1,0.026,29,130,0.98953,3.39,0.77,13.4,Good
6.7,0.31,0.3,2.4,0.038,30,83,0.98867,3.09,0.36,12.8,Good
7.6,0.31,0.49,3.95,0.044,27,131,0.9912,3.08,0.67,12.8,Good
7.7,0.44,0.24,11.2,0.031,41,167,0.9948,3.12,0.43,11.3,Good
6.9,0.19,0.35,6.9,0.045,51,125,0.9933,3.1,0.44,10.7,Good
7.6,0.14,0.74,1.6,0.04,27,103,0.9916,3.07,0.4,10.8,Good
6.6,0.16,0.32,1.4,0.035,49,186,0.9906,3.35,0.64,12.4,Good
6.5,0.22,0.28,3.7,0.059,29,151,0.99177,3.23,0.41,12.1,Good
6,0.13,0.36,1.6,0.052,23,72,0.98974,3.1,0.5,11.5,Good
7.2,0.32,0.36,2,0.033,37,114,0.9906,3.1,0.71,12.3,Good
6,0.17,0.33,6,0.036,30,111,0.99362,3.32,0.58,10.15,Good
7.1,0.18,0.49,1.3,0.033,12,72,0.99072,3.05,0.53,11.3,Good
6.3,0.13,0.42,1.1,0.043,63,146,0.99066,3.13,0.72,11.2,Good
6.6,0.39,0.22,4,0.038,17,98,0.99018,3.25,0.53,13,Good
6,0.27,0.19,1.7,0.02,24,110,0.9898,3.32,0.47,12.6,Good
6.1,0.17,0.28,2.5,0.028,22,98,0.99072,3.16,0.37,11.1,Good
6.3,0.41,0.18,3.5,0.027,23,109,0.99018,3.34,0.54,12.8,Good
6.9,0.15,0.28,4.4,0.029,14,107,0.99347,3.24,0.46,10.4,Good
6,0.28,0.27,15.5,0.036,31,134,0.99408,3.19,0.44,13,Good
7.1,0.21,0.37,2.4,0.026,23,100,0.9903,3.15,0.38,11.4,Good
6.5,0.19,0.28,1.4,0.046,22,90,0.99038,3.18,0.51,11.7,Good
6.8,0.18,0.28,9.8,0.039,29,113,0.99406,3.11,0.45,10.9,Good
8.1,0.4,0.32,7.9,0.031,23,118,0.99176,3.05,0.46,13.3,Good
6.4,0.22,0.32,7.2,0.028,15,83,0.993,3.13,0.55,10.9,Good
7,0.3,0.51,13.6,0.05,40,168,0.9976,3.07,0.52,9.6,Good
6.9,0.33,0.62,7.5,0.038,46,132,0.99143,3.23,0.43,13.4,Good
6,0.28,0.52,6.2,0.028,37,104,0.99161,3.28,0.51,11.8,Good
7.6,0.29,0.49,9.6,0.03,45,197,0.9938,3.13,0.38,12.3,Good
7.1,0.36,0.37,4.8,0.019,39,114,0.99036,3.08,0.49,12.7,Good
6.4,0.31,0.5,5.8,0.038,42,111,0.99189,3.18,0.53,11.9,Good
7.9,0.25,0.29,5.3,0.031,33,117,0.9918,3.06,0.32,11.8,Good
6.6,0.34,0.24,3.3,0.034,29,99,0.99031,3.1,0.4,12.3,Good
6.7,0.12,0.36,2.3,0.039,43,125,0.99229,3.07,0.67,10.1,Good
7,0.31,0.31,9.1,0.036,45,140,0.99216,2.98,0.31,12,Good
7,0.25,0.45,2.3,0.045,40,118,0.99064,3.16,0.48,11.9,Good
6.9,0.36,0.28,13.55,0.048,51,189,0.99782,3,0.6,9.5,Good
7.4,0.16,0.33,1.2,0.042,47,121,0.99198,3.04,0.68,10.5,Good
7.6,0.52,0.49,14,0.034,37,156,0.9958,3.14,0.38,11.8,Good
5.8,0.32,0.31,2.7,0.049,25,153,0.99067,3.44,0.73,12.2,Good
8.6,0.2,0.42,1.5,0.041,35,125,0.9925,3.11,0.49,11.4,Good
7,0.17,0.33,4,0.034,17,127,0.9934,3.19,0.39,10.6,Good
5.3,0.3,0.3,1.2,0.029,25,93,0.98742,3.31,0.4,13.6,Good
6.2,0.2,0.26,1.1,0.047,42,119,0.99158,3.48,0.6,11,Good
6.8,0.18,0.3,12.8,0.062,19,171,0.99808,3,0.52,9,Good
7.4,0.19,0.3,12.8,0.053,48.5,229,0.9986,3.14,0.49,9.1,Good
7.4,0.19,0.3,12.8,0.053,48.5,229,0.9986,3.14,0.49,9.1,Good
6.3,0.34,0.33,4.6,0.034,19,80,0.9917,3.38,0.58,12,Good
7.8,0.3,0.4,1.8,0.028,23,122,0.9914,3.14,0.39,10.9,Good
5.6,0.49,0.13,4.5,0.039,17,116,0.9907,3.42,0.9,13.7,Good
7.1,0.16,0.36,10.7,0.044,20,90,0.9959,3.16,0.44,10.9,Good
5.8,0.28,0.34,4,0.031,40,99,0.9896,3.39,0.39,12.8,Good
8.6,0.2,0.42,1.5,0.041,35,125,0.9925,3.11,0.49,11.4,Good
6,0.32,0.3,1.3,0.025,18,112,0.98802,3.07,0.64,13.3,Good
6,0.28,0.27,15.5,0.036,31,134,0.99408,3.19,0.44,13,Good
6.8,0.21,0.31,2.9,0.046,40,121,0.9913,3.07,0.65,10.9,Good
7.1,0.21,0.32,2.2,0.037,28,141,0.993,3.2,0.57,10,Good
7.2,0.24,0.29,2.2,0.037,37,102,0.992,3.27,0.64,11,Good
7.2,0.23,0.39,2.3,0.033,29,102,0.9908,3.26,0.54,12.3,Good
7,0.23,0.35,1.4,0.036,31,113,0.9912,3.16,0.48,10.8,Good
6.2,0.21,0.28,5.7,0.028,45,121,0.99168,3.21,1.08,12.15,Good
6.4,0.31,0.28,1.5,0.037,12,119,0.9919,3.32,0.51,10.4,Good
6.6,0.15,0.32,6,0.033,59,128,0.99192,3.19,0.71,12.1,Good
8.8,0.28,0.45,6,0.022,14,49,0.9934,3.01,0.33,11.1,Good
4.8,0.17,0.28,2.9,0.03,22,111,0.9902,3.38,0.34,11.3,Good
6.6,0.26,0.21,2.9,0.026,48,126,0.99089,3.22,0.38,11.3,Good
7.2,0.32,0.33,1.4,0.029,29,109,0.9902,3.15,0.51,12.8,Good
7.3,0.22,0.31,2.3,0.018,45,80,0.98936,3.06,0.34,12.9,Good
5.6,0.21,0.4,1.3,0.041,81,147,0.9901,3.22,0.95,11.6,Good
6,0.38,0.26,3.5,0.035,38,111,0.98872,3.18,0.47,13.6,Good
7.5,0.22,0.32,2.4,0.045,29,100,0.99135,3.08,0.6,11.3,Good
6.3,0.1,0.24,6,0.039,25,107,0.99511,3.59,0.49,10.5,Good
5.9,0.17,0.29,3.1,0.03,32,123,0.98913,3.41,0.33,13.7,Good
7.9,0.44,0.37,5.85,0.033,27,93,0.992,3.16,0.54,12.6,Good
8,0.45,0.36,8.8,0.026,50,151,0.9927,3.07,0.25,12.7,Good
6.7,0.14,0.51,4.3,0.028,57,124,0.99176,2.91,0.54,10.7,Good
6.9,0.21,0.33,1.8,0.034,48,136,0.9899,3.25,0.41,12.6,Good
6.2,0.33,0.27,4.9,0.036,30,134,0.9927,3.2,0.42,10.4,Good
7.8,0.32,0.33,2.4,0.037,18,101,0.9912,3.21,0.65,11.7,Good
6.8,0.18,0.3,12.8,0.062,19,171,0.99808,3,0.52,9,Good
7.4,0.155,0.34,2.3,0.045,73.5,214,0.9934,3.18,0.61,9.9,Good
8.6,0.18,0.4,1.1,0.04,20,107,0.9923,2.94,0.32,10.2,Good
8.2,0.35,0.4,6.3,0.039,35,162,0.9936,3.15,0.34,11.9,Good
7.1,0.27,0.24,12.6,0.044,48,118,0.99726,3.04,0.56,10,Good
7.3,0.25,0.36,2.1,0.034,30,177,0.99085,3.25,0.4,11.9,Good
8.1,0.31,0.36,8.2,0.028,29,142,0.9925,3.01,0.34,13,Good
7.5,0.34,0.28,4,0.028,46,100,0.98958,3.2,0.5,13.2,Good
7.2,0.21,0.28,2.7,0.033,38,94,0.99075,2.99,0.43,11.8,Good
6.8,0.21,0.4,6.3,0.032,40,121,0.99214,3.18,0.53,12,Good
8,0.57,0.39,3.9,0.034,22,122,0.9917,3.29,0.67,12.8,Good
6.8,0.25,0.28,5,0.035,42,126,0.99048,3.12,0.38,12.6,Good
6.3,0.12,0.36,2.1,0.044,47,146,0.9914,3.27,0.74,11.4,Good
5.9,0.34,0.31,2,0.03,38,142,0.98892,3.4,0.41,12.9,Good
6.2,0.76,0.01,3.2,0.041,18,120,0.99026,3.2,0.94,13.7,Good
7.1,0.12,0.3,3.1,0.018,15,37,0.99004,3.02,0.52,11.9,Good
7.4,0.28,0.36,1.1,0.028,42,105,0.9893,2.99,0.39,12.4,Good
7.6,0.2,0.3,14.2,0.056,53,212.5,0.999,3.14,0.46,8.9,Good
6.9,0.19,0.4,1.4,0.036,14,55,0.9909,3.08,0.68,11.5,Good
5.9,0.2,0.28,12.8,0.038,29,132,0.99426,3.31,0.57,11.8,Good
6.9,0.19,0.35,1.7,0.036,33,101,0.99315,3.21,0.54,10.8,Good
6.5,0.18,0.41,14.2,0.039,47,129,0.99678,3.28,0.72,10.3,Good
6.9,0.3,0.33,4.1,0.035,26,155,0.9925,3.25,0.79,12.3,Good
6.8,0.24,0.35,6.4,0.048,44,172,0.9944,3.29,0.55,10.5,Good
7.2,0.2,0.34,2.7,0.032,49,151,0.99,3.16,0.39,12.7,Good
5.4,0.33,0.31,4,0.03,27,108,0.99031,3.3,0.43,12.2,Good
5.8,0.26,0.18,1.2,0.031,40,114,0.9908,3.42,0.4,11,Good
7,0.24,0.35,1,0.032,42,104,0.98988,3.16,0.37,11.7,Good
7.4,0.2,0.43,7.8,0.045,27,153,0.9964,3.19,0.55,9,Good
6,0.26,0.29,3.1,0.041,37,144,0.98944,3.22,0.39,12.8,Good
8.2,0.18,0.28,8.5,0.035,41,140,0.9952,3.04,0.37,10.1,Good
6.7,0.28,0.34,8.9,0.048,32,111,0.99455,3.25,0.54,11,Good
5.4,0.45,0.27,6.4,0.033,20,102,0.98944,3.22,0.27,13.4,Good
8,0.2,0.4,5.2,0.055,41,167,0.9953,3.18,0.4,10.6,Good
7.3,0.39,0.37,1.1,0.043,36,113,0.991,3.39,0.48,12.7,Good
7.7,0.28,0.33,6.7,0.037,32,155,0.9951,3.39,0.62,10.7,Good
5.8,0.28,0.3,1.5,0.026,31,114,0.98952,3.32,0.6,12.5,Good
5.6,0.12,0.33,2.9,0.044,21,73,0.98896,3.17,0.32,12.9,Good
6.4,0.25,0.37,4.5,0.039,41,147,0.9921,3.18,0.4,11.1,Good
6.8,0.19,0.36,1.9,0.035,30,96,0.9917,3.15,0.54,10.8,Good
6.9,0.38,0.32,8.5,0.044,36,152,0.9932,3.38,0.35,12,Good
7.2,0.17,0.28,17.55,0.05,33,154,0.99971,2.94,0.43,9,Good
5.8,0.19,0.33,4.2,0.038,49,133,0.99107,3.16,0.42,11.3,Good
6.6,0.22,0.35,1.4,0.05,23,83,0.99019,3.17,0.48,12,Good
5.8,0.32,0.38,4.75,0.033,23,94,0.991,3.42,0.42,11.8,Good
7.2,0.17,0.28,17.55,0.05,33,154,0.99971,2.94,0.43,9,Good
7,0.35,0.3,6.5,0.028,27,87,0.9936,3.4,0.42,11.4,Good
7,0.46,0.39,6.2,0.039,46,163,0.9928,3.21,0.35,12.2,Good
7.7,0.11,0.34,14.05,0.04,41,114,0.99634,3.07,0.59,11,Good
6.9,0.21,0.24,1.8,0.021,17,80,0.98992,3.15,0.46,12.3,Good
6.8,0.39,0.34,7.4,0.02,38,133,0.99212,3.18,0.44,12,Good
7,0.12,0.29,10.3,0.039,41,98,0.99564,3.19,0.38,9.8,Good
6.7,0.19,0.39,1,0.032,14,71,0.98912,3.31,0.38,13,Good
7.4,0.16,0.3,13.7,0.056,33,168,0.99825,2.9,0.44,8.7,Good
6.1,0.31,0.37,8.4,0.031,70,170,0.9934,3.42,0.4,11.7,Good
6.1,0.27,0.31,1.5,0.035,17,83,0.99076,3.32,0.44,11.1,Good
6.8,0.18,0.38,1.4,0.038,35,111,0.9918,3.32,0.59,11.2,Good
4.4,0.54,0.09,5.1,0.038,52,97,0.99022,3.41,0.4,12.2,Good
5.2,0.24,0.45,3.8,0.027,21,128,0.992,3.55,0.49,11.2,Good
6.5,0.22,0.27,1.6,0.039,36,116,0.99178,3.38,0.57,11,Good
6.9,0.2,0.37,6.2,0.027,24,97,0.992,3.38,0.49,12.2,Good
6.8,0.53,0.35,3.8,0.034,26,109,0.9906,3.26,0.57,12.7,Good
7.4,0.23,0.25,1.4,0.049,43,141,0.9934,3.42,0.54,10.2,Good
6.3,0.32,0.35,11.1,0.039,29,198,0.9984,3.36,0.5,9.4,Good
7.3,0.21,0.29,1.6,0.034,29,118,0.9917,3.3,0.5,11,Good
7,0.11,0.32,4.6,0.057,59,144,0.9956,3.55,0.44,9.4,Good
6.3,0.37,0.28,6.3,0.034,45,152,0.9921,3.29,0.46,11.6,Good
6.9,0.33,0.26,5,0.027,46,143,0.9924,3.25,0.43,11.2,Good
6.2,0.41,0.22,1.9,0.023,5,56,0.98928,3.04,0.79,13,Good
6.7,0.21,0.37,2.5,0.034,35,89,0.9913,3.25,0.5,11,Good
5,0.55,0.14,8.3,0.032,35,164,0.9918,3.53,0.51,12.5,Good
4.2,0.17,0.36,1.8,0.029,93,161,0.98999,3.65,0.89,12,Good
5.9,0.33,0.32,8.1,0.038,9,34,0.9911,3.22,0.36,12.7,Good
6.9,0.36,0.34,4.2,0.018,57,119,0.9898,3.28,0.36,12.7,Good
5.6,0.26,0.27,10.6,0.03,27,119,0.9947,3.4,0.34,10.7,Good
6.4,0.31,0.28,1.5,0.037,12,119,0.9919,3.32,0.51,10.4,Good
6,0.29,0.27,2.3,0.044,20,117,0.9895,3.31,0.41,12.7,Good
5.5,0.42,0.09,1.6,0.019,18,68,0.9906,3.33,0.51,11.4,Good
7.5,0.24,0.49,9.4,0.048,50,149,0.9962,3.17,0.59,10.5,Good
7.7,0.32,0.48,2.3,0.04,28,114,0.9911,3.2,0.52,12.8,Good
7.3,0.19,0.27,13.9,0.057,45,155,0.99807,2.94,0.41,8.8,Good
6.2,0.24,0.29,13.3,0.039,49,130,0.9952,3.33,0.46,11,Good
7.7,0.44,0.24,11.2,0.031,41,167,0.9948,3.12,0.43,11.3,Good
7.4,0.2,0.35,2.1,0.038,30,116,0.9949,3.49,0.77,10.3,Good
5.8,0.24,0.28,1.4,0.038,40,76,0.98711,3.1,0.29,13.9,Good
8.9,0.3,0.35,4.6,0.032,32,148,0.99458,3.15,0.45,11.5,Good
6.9,0.18,0.36,1.3,0.036,40,117,0.9934,3.27,0.95,9.5,Good
6.5,0.4,0.31,3.5,0.046,22,147,0.99024,3.15,0.31,12,Good
6.1,0.44,0.28,4.25,0.032,43,132,0.9916,3.26,0.47,11.3,Good
7.3,0.3,0.34,2.7,0.044,34,108,0.99105,3.36,0.53,12.8,Good
6.1,0.22,0.4,1.85,0.031,25,111,0.98966,3.03,0.3,11.8,Good
7.3,0.25,0.41,1.8,0.037,52,165,0.9911,3.29,0.39,12.2,Good
5.3,0.3,0.16,4.2,0.029,37,100,0.9905,3.3,0.36,11.8,Good
6,0.24,0.27,1.9,0.048,40,170,0.9938,3.64,0.54,10,Good
7.8,0.26,0.49,3.2,0.027,28,87,0.9919,3.03,0.32,11.3,Good
7.1,0.26,0.34,14.4,0.067,35,189,0.9986,3.07,0.53,9.1,Good
7.5,0.305,0.38,1.4,0.047,30,95,0.99158,3.22,0.52,11.5,Good
7.1,0.33,0.3,3.3,0.034,30,102,0.9912,3.08,0.31,12.3,Good
7.2,0.23,0.39,14.2,0.058,49,192,0.9979,2.98,0.48,9,Good
6.2,0.3,0.32,1.7,0.032,30,130,0.9911,3.28,0.41,11.2,Good
5.8,0.23,0.31,3.5,0.044,35,158,0.98998,3.19,0.37,12.1,Good
5.6,0.28,0.27,3.9,0.043,52,158,0.99202,3.35,0.44,10.7,Good
6.4,0.16,0.25,1.4,0.057,21,125,0.99091,3.23,0.44,11.1,Good
7.4,0.25,0.28,7.25,0.028,14,78,0.99238,2.94,0.37,11.5,Good
7.1,0.23,0.39,1.6,0.032,12,65,0.9898,3.25,0.4,12.7,Good
6.5,0.33,0.3,3.8,0.036,34,88,0.99028,3.25,0.63,12.5,Good
7.8,0.26,0.31,3.6,0.025,22,100,0.99066,2.99,0.47,12.1,Good
8.1,0.17,0.44,14.1,0.053,43,145,1.0006,3.28,0.75,8.8,Good
7.2,0.44,0.28,3.4,0.048,22,112,0.99188,3.21,0.37,11.3,Good
7.1,0.32,0.34,14.5,0.039,46,150,0.995,3.38,0.5,12.5,Good
7,0.22,0.26,2.8,0.036,44,132,0.99078,3.34,0.41,12,Good
7.9,0.41,0.37,4.5,0.03,40,114,0.992,3.17,0.54,12.4,Good
7.4,0.18,0.24,1.4,0.047,21,106,0.99383,3.52,0.64,10.5,Good
8,0.22,0.42,14.6,0.044,45,163,1.0003,3.21,0.69,8.6,Good
7.5,0.16,0.38,12.7,0.043,70.5,163,0.99706,3.15,0.82,10.4,Good
6.9,0.3,0.49,7.6,0.057,25,156,0.9962,3.43,0.63,11,Good
6.3,0.41,0.22,7.3,0.035,23,117,0.99172,3.2,0.39,11.94,Good
7.7,0.39,0.28,4.9,0.035,36,109,0.9918,3.19,0.58,12.2,Good
6.3,0.37,0.28,6.3,0.034,45,152,0.9921,3.29,0.46,11.6,Good
6.9,0.22,0.37,15,0.053,59,178,0.9992,3.37,0.82,9.5,Good
7.6,0.2,0.3,14.2,0.056,53,212.5,0.999,3.14,0.46,8.9,Good
5.6,0.42,0.34,2.4,0.022,34,97,0.98915,3.22,0.38,12.8,Good
6.7,0.25,0.33,2.9,0.057,52,173,0.9934,3.02,0.48,9.5,Good
7.3,0.33,0.4,6.85,0.038,32,138,0.992,3.03,0.3,11.9,Good
6,0.1,0.24,1.1,0.041,15,65,0.9927,3.61,0.61,10.3,Good
6.8,0.18,0.3,12.8,0.062,19,171,0.99808,3,0.52,9,Good
6.6,0.25,0.3,1.6,0.046,32,134,0.993,3.42,0.51,10.1,Good
5.8,0.31,0.32,4.5,0.024,28,94,0.98906,3.25,0.52,13.7,Good
6,0.17,0.33,6,0.036,30,111,0.99362,3.32,0.58,10.13333333,Good
7,0.15,0.28,14.7,0.051,29,149,0.99792,2.96,0.39,9,Good
9,0.17,0.49,1,0.039,46,131,0.993,3.09,0.51,10.5,Good
6.6,0.16,0.57,1.1,0.13,58,140,0.9927,3.12,0.39,9.3,Good
5.7,0.26,0.3,1.8,0.039,30,105,0.98995,3.48,0.52,12.5,Good
6.8,0.26,0.42,1.7,0.049,41,122,0.993,3.47,0.48,10.5,Good
8,0.23,0.35,9.2,0.044,53,186,0.997,3.09,0.56,9.5,Good
7.2,0.25,0.28,14.4,0.055,55,205,0.9986,3.12,0.38,9,Good
6.5,0.33,0.3,3.8,0.036,34,88,0.99028,3.25,0.63,12.5,Good
6.1,0.29,0.27,1.7,0.024,13,76,0.9893,3.21,0.51,12.6,Good
6.7,0.24,0.3,3.85,0.042,105,179,0.99189,3.04,0.59,11.3,Good
8.9,0.3,0.35,4.6,0.032,32,148,0.99458,3.15,0.45,11.5,Good
6.4,0.35,0.28,1.1,0.055,9,160,0.99405,3.42,0.5,9.1,Good
7.5,0.31,0.24,7.1,0.031,28,141,0.99397,3.16,0.38,10.6,Good
7.1,0.36,0.28,2.4,0.036,35,115,0.98936,3.19,0.44,13.5,Good
6.3,0.13,0.42,1.1,0.043,63,146,0.99066,3.13,0.72,11.2,Good
6.8,0.37,0.28,1.9,0.024,64,106,0.98993,3.45,0.6,12.6,Good
6.5,0.19,0.32,1.4,0.04,31,132,0.9922,3.36,0.54,10.8,Good
6.2,0.66,0.48,1.2,0.029,29,75,0.9892,3.33,0.39,12.8,Good
6.2,0.16,0.33,1.1,0.057,21,82,0.991,3.32,0.46,10.9,Good
5.9,0.26,0.3,1,0.036,38,114,0.9928,3.58,0.48,9.4,Poor
6.6,0.24,0.27,10.3,0.047,54,219,0.99742,3.04,0.45,8.8,Poor
7.1,0.32,0.32,11,0.038,16,66,0.9937,3.24,0.4,11.5,Poor
8.9,0.27,0.34,10.7,0.029,19.5,166,0.99669,3.13,0.48,10.6,Poor
6.2,0.21,0.26,13.1,0.05,59,150,0.99772,3.31,0.46,9,Poor
9,0.55,0.3,8.1,0.026,14,71,0.993,2.94,0.36,11.8,Poor
6.1,0.27,0.25,1.8,0.041,9,109,0.9929,3.08,0.54,9,Poor
5.3,0.58,0.07,6.9,0.043,34,149,0.9944,3.34,0.57,9.7,Poor
7.4,0.31,0.48,14.2,0.042,62,204,0.9983,3.06,0.59,9.4,Poor
7.6,0.27,0.33,2,0.059,19,175,0.9944,3.22,0.56,9.9,Poor
6,0.28,0.22,12.15,0.048,42,163,0.9957,3.2,0.46,10.1,Poor
7.5,0.27,0.36,7,0.036,45,164,0.9939,3.03,0.33,11,Poor
7.6,0.39,0.22,2.8,0.036,19,113,0.9926,3.03,0.29,10.2,Poor
7.4,0.28,0.25,11.9,0.053,25,148,0.9976,3.1,0.62,9.2,Poor
6.9,0.41,0.22,4.2,0.031,10,102,0.993,3,0.86,11.6,Poor
7.4,0.18,0.4,1.6,0.047,22,102,0.9937,3.28,0.44,10.7,Poor
7,0.16,0.32,8.3,0.045,38,126,0.9958,3.21,0.34,9.2,Poor
6.5,0.23,0.36,16.3,0.038,43,133,0.99924,3.26,0.41,8.8,Poor
7.2,0.19,0.39,1.2,0.036,32,85,0.9918,3.16,0.5,10.5,Poor
7.6,0.26,0.47,1.6,0.068,5,55,0.9944,3.1,0.45,9.6,Poor
5.5,0.24,0.45,1.7,0.046,22,113,0.99224,3.22,0.48,10,Poor
6.5,0.26,0.34,1.4,0.04,25,184,0.99216,3.29,0.46,10.7,Poor
5.8,0.26,0.3,2.6,0.034,75,129,0.9902,3.2,0.38,11.5,Poor
5.9,0.29,0.33,7.4,0.037,58,205,0.99495,3.26,0.41,9.6,Poor
7.6,0.15,0.4,1.3,0.036,24,112,0.9932,3.14,0.76,10,Poor
8.2,0.37,0.27,1.7,0.028,10,59,0.9923,2.97,0.48,10.4,Poor
6.2,0.23,0.35,0.7,0.051,24,111,0.9916,3.37,0.43,11,Poor
6.7,0.25,0.36,8.6,0.037,63,206,0.99553,3.18,0.5,9.6,Poor
6.5,0.315,0.2,6.6,0.041,9,126,0.99494,2.94,0.51,8.8,Poor
6.6,0.38,0.36,9.2,0.061,42,214,0.9976,3.31,0.56,9.4,Poor
6.1,0.6,0,1.3,0.042,24,79,0.9937,3.31,0.38,9.4,Poor
6.7,0.18,0.25,14.3,0.048,79,149,0.9975,3.12,0.37,9.7,Poor
6,0.45,0.42,1.1,0.051,61,197,0.9932,3.02,0.4,9,Poor
5.9,0.21,0.24,12.1,0.044,53,165,0.9969,3.25,0.39,9.5,Poor
6.8,0.44,0.2,16,0.065,61,186,0.99884,3.13,0.45,8.6,Poor
8,0.27,0.57,10.4,0.053,18,134,0.99732,3.12,0.68,9,Poor
7.3,0.28,0.43,1.7,0.08,21,123,0.9905,3.19,0.42,12.8,Poor
6.9,0.54,0.32,13.2,0.05,53,236,0.9973,3.2,0.5,9.6,Poor
7.1,0.33,0.18,6.3,0.094,27,166,0.99474,2.9,0.49,9.5,Poor
7.7,0.26,0.4,1.1,0.042,9,60,0.9915,2.89,0.5,10.6,Poor
6.9,0.25,0.24,3.6,0.057,13,85,0.9942,2.99,0.48,9.5,Poor
7.6,0.13,0.34,9.3,0.062,40,126,0.9966,3.21,0.39,9.6,Poor
7.8,0.49,0.49,7,0.043,29,149,0.9952,3.21,0.33,10,Poor
6.3,0.36,0.2,2,0.048,48,191,0.9929,3.17,0.51,9.6,Poor
6.5,0.25,0.35,12,0.055,47,179,0.998,3.58,0.47,10,Poor
7,0.34,0.1,3.5,0.044,17,63,0.9937,3.01,0.39,9.2,Poor
6.1,0.4,0.18,9,0.051,28.5,259,0.9964,3.19,0.5,8.8,Poor
6,0.21,0.29,13.1,0.042,28,125,0.99936,3.39,0.45,8.6,Poor
7.4,0.24,0.31,8.4,0.045,52,183,0.9963,3.09,0.32,8.8,Poor
7.2,0.16,0.35,1.2,0.031,27,84,0.9928,3.33,0.34,9.9,Poor
5.8,0.28,0.35,2.3,0.053,36,114,0.9924,3.28,0.5,10.2,Poor
7,0.36,0.14,11.6,0.043,35,228,0.9977,3.13,0.51,8.9,Poor
6.9,0.32,0.17,7.6,0.042,69,219,0.9959,3.13,0.4,8.9,Poor
6.6,0.33,0.24,16.05,0.045,31,147,0.99822,3.08,0.52,9.2,Poor
5.8,0.19,0.24,1.3,0.044,38,128,0.99362,3.77,0.6,10.6,Poor
6.7,0.3,0.44,18.75,0.057,65,224,0.99956,3.11,0.53,9.1,Poor
9.4,0.42,0.32,6.5,0.027,20,167,0.99479,3.08,0.43,10.6,Poor
7.2,0.15,0.39,1.8,0.043,21,159,0.9948,3.52,0.47,10,Poor
6.7,0.31,0.09,1.4,0.039,53,141,0.99206,3.12,0.44,10.1,Poor
6.9,0.29,0.4,19.45,0.043,36,156,0.9996,2.93,0.47,8.9,Poor
6.3,0.38,0.17,8.8,0.08,50,212,0.99803,3.47,0.66,9.4,Poor
5.9,0.37,0.1,1.6,0.057,39,128,0.9924,3.24,0.48,10.1,Poor
5.7,0.695,0.06,6.8,0.042,9,84,0.99432,3.44,0.44,10.2,Poor
5.8,0.32,0.23,1.5,0.033,39,121,0.9887,2.96,0.35,12,Poor
6.2,0.33,0.14,4.8,0.052,27,128,0.99475,3.21,0.48,9.4,Poor
7,0.31,0.35,1.6,0.063,13,119,0.99184,3.22,0.5,10.7,Poor
6.1,0.2,0.34,9.5,0.041,38,201,0.995,3.14,0.44,10.1,Poor
6.1,0.25,0.24,12.1,0.046,51,172,0.998,3.35,0.45,9.5,Poor
6,0.33,0.26,5.1,0.051,16,119,0.99416,3.15,0.41,9.2,Poor
6.9,0.3,0.3,1.3,0.053,24,186,0.99361,3.29,0.54,9.9,Poor
6.4,0.35,0.2,5.7,0.034,18,117,0.9944,3.33,0.43,10.1,Poor
7.2,0.615,0.1,1.4,0.068,25,154,0.99499,3.2,0.48,9.7,Poor
6.7,0.61,0.21,1.65,0.117,40,240,0.9938,3.11,0.57,9.3,Poor
9.1,0.59,0.38,1.6,0.066,34,182,0.9968,3.23,0.38,8.5,Poor
6.9,0.4,0.17,12.9,0.033,59,186,0.99754,3.08,0.49,9.4,Poor
6.3,0.31,0.34,2.2,0.045,20,77,0.9927,3.3,0.43,10.2,Poor
10,0.91,0.42,1.6,0.056,34,181,0.9968,3.11,0.46,10,Poor
6.8,0.33,0.44,7,0.05,29,155,0.9955,3.14,0.42,9.5,Poor
8.1,0.5,0.47,1.1,0.037,23,126,0.9938,3.21,0.42,10.9,Poor
6.5,0.38,0.53,1.4,0.142,5,69,0.9926,3.14,0.52,10.1,Poor
7.6,0.26,0.58,7.9,0.041,62,180,0.9966,3.07,0.38,9,Poor
6.8,0.45,0.3,11.8,0.094,23,97,0.997,3.09,0.44,9.6,Poor
7.4,0.25,0.37,13.5,0.06,52,192,0.9975,3,0.44,9.1,Poor
6.4,0.29,0.18,15,0.04,21,116,0.99736,3.14,0.5,9.2,Poor
6.4,0.475,0.06,1,0.03,9,131,0.9904,2.97,0.29,10.8,Poor
6.3,0.3,0.48,7.4,0.053,34,149,0.99472,3.18,0.53,9.8,Poor
6.5,0.22,0.25,17.1,0.05,44,138,1.0001,3.3,0.37,8.8,Poor
7,0.39,0.24,1,0.048,8,119,0.9923,3,0.31,10.1,Poor
5.8,0.29,0.05,0.8,0.038,11,30,0.9924,3.36,0.35,9.2,Poor
6.1,0.38,0.47,1.4,0.051,59,210,0.99309,3.24,0.5,9.6,Poor
6.4,0.22,0.3,11.2,0.046,53,149,0.99479,3.21,0.34,10.8,Poor
7.4,0.37,0.26,9.6,0.05,33,134,0.99608,3.13,0.46,10.4,Poor
6.4,0.41,0.01,6.1,0.048,20,70,0.99362,3.19,0.42,10,Poor
8.8,0.34,0.33,9.7,0.036,46,172,0.9966,3.08,0.4,10.2,Poor
6.1,0.17,0.21,1.9,0.09,44,130,0.99255,3.07,0.41,9.7,Poor
7.6,0.23,0.34,1.6,0.043,24,129,0.99305,3.12,0.7,10.4,Poor
7,0.3,0.27,1.5,0.076,24,145,0.99344,3.1,0.52,10.1,Poor
6.7,0.17,0.27,1.4,0.032,39,149,0.99254,3.4,0.52,10.5,Poor
8.6,0.36,0.26,11.1,0.03,43.5,171,0.9948,3.03,0.49,12,Poor
7.7,0.25,0.3,7.8,0.038,67,196,0.99555,3.1,0.5,10.1,Poor
7.6,0.36,0.49,11.3,0.046,87,221,0.9984,3.01,0.43,9.2,Poor
6.5,0.3,0.39,7.8,0.038,61,219,0.9959,3.19,0.5,9.4,Poor
7.5,0.18,0.72,9.6,0.039,53,151,0.99802,3.03,0.46,8.9,Poor
6.7,0.3,0.74,5,0.038,35,157,0.9945,3.21,0.46,9.9,Poor
6.9,0.3,0.21,7.2,0.045,54,190,0.99595,3.22,0.48,9.4,Poor
5,0.61,0.12,1.3,0.009,65,100,0.9874,3.26,0.37,13.5,Poor
6.4,0.29,0.3,6.5,0.209,62,156,0.99478,3.1,0.4,9.4,Poor
7,0.24,0.18,1.3,0.046,9,62,0.994,3.38,0.47,10.1,Poor
6.6,0.38,0.18,1.2,0.042,20,84,0.9927,3.22,0.45,10.1,Poor
7,0.27,0.41,18.75,0.042,34,157,1.0002,2.96,0.5,9.1,Poor
6.6,0.27,0.32,1.3,0.044,18,93,0.99044,3.11,0.56,12.25,Poor
7.1,0.43,0.61,11.8,0.045,54,155,0.9974,3.11,0.45,8.7,Poor
6.8,0.18,0.37,1.6,0.055,47,154,0.9934,3.08,0.45,9.1,Poor
6.5,0.41,0.22,4.8,0.052,49,142,0.9946,3.14,0.62,9.2,Poor
7.6,0.19,0.41,1.1,0.04,38,143,0.9907,2.92,0.42,11.4,Poor
6.4,0.38,0.24,7.2,0.047,41,151,0.99604,3.11,0.6,9.2,Poor
6.4,0.28,0.41,6.8,0.045,61,216,0.9952,3.09,0.46,9.4,Poor
6.8,0.34,0.69,1.3,0.058,12,171,0.9931,3.06,0.47,9.7,Poor
6.4,0.34,0.2,14.9,0.06,37,162,0.9983,3.13,0.45,9,Poor
6.5,0.26,0.34,16.3,0.051,56,197,1.0004,3.49,0.42,9.8,Poor
9.8,0.42,0.48,9.85,0.034,5,110,0.9958,2.87,0.29,10,Poor
7.1,0.28,0.31,1.5,0.053,20,98,0.99069,3.15,0.5,11.4,Poor
6.6,0.28,0.41,7,0.046,59,194,0.99558,3.14,0.48,9.4,Poor
6.2,0.2,0.26,1.7,0.093,40,161,0.9924,3.44,0.66,11,Poor
7.3,0.32,0.35,1.4,0.05,8,163,0.99244,3.24,0.42,10.7,Poor
6.7,0.25,0.13,1.2,0.041,81,174,0.992,3.14,0.42,9.8,Poor
6.7,0.25,0.31,1.35,0.061,30.5,218,0.99388,3.16,0.53,9.5,Poor
8,0.25,0.49,1.2,0.061,27,117,0.9938,3.08,0.34,9.4,Poor
6.8,0.3,0.24,6.6,0.123,35,116,0.9953,3.07,0.48,9.4,Poor
6.8,0.31,0.19,3.5,0.086,30,130,0.993,2.83,0.44,9.6,Poor
7.5,0.24,0.31,13,0.049,46,217,0.9985,3.08,0.53,8.8,Poor
8.9,0.32,0.49,1.6,0.05,17,131,0.9956,3.13,0.34,9.4,Poor
6,0.27,0.28,4.8,0.063,31,201,0.9964,3.69,0.71,10,Poor
6.7,0.18,0.3,6.4,0.048,40,251,0.9956,3.29,0.52,10,Poor
7.6,0.48,0.37,0.8,0.037,4,100,0.9902,3.03,0.39,11.4,Poor
7.5,0.42,0.14,10.7,0.046,18,95,0.9959,3.22,0.33,10.7,Poor
6.8,0.32,0.18,7.5,0.041,71,223,0.9959,3.14,0.41,8.9,Poor
7.4,0.39,0.23,7,0.033,29,126,0.994,3.14,0.42,10.5,Poor
6.7,0.24,0.26,12.6,0.053,44,182,0.99802,3.42,0.42,9.7,Poor
6.3,0.33,0.2,17.9,0.066,36,161,0.9991,3.14,0.51,8.8,Poor
6.7,0.24,0.29,14.9,0.053,55,136,0.99839,3.03,0.52,9,Poor
6.9,0.28,0.41,1.4,0.016,6,55,0.98876,3.16,0.4,13.4,Poor
5.9,0.19,0.21,1.7,0.045,57,135,0.99341,3.32,0.44,9.5,Poor
8.3,0.25,0.33,2.5,0.053,12,72,0.99404,2.89,0.48,9.5,Poor
6.6,0.41,0.31,1.6,0.042,18,101,0.99195,3.13,0.41,10.5,Poor
8.2,0.2,0.38,3.5,0.053,41,174,0.99306,3.22,0.41,11.6,Poor
6.4,0.35,0.51,7.8,0.055,53,177,0.99502,3.12,0.45,9.6,Poor
9.8,0.93,0.45,8.6,0.052,34,187,0.9994,3.12,0.59,10.2,Poor
6.9,0.41,0.33,10.1,0.043,28,152,0.9968,3.2,0.52,9.4,Poor
7.1,0.33,0.64,13.2,0.056,12,105,0.9972,3.05,0.39,9.2,Poor
7.2,0.585,0.2,10.4,0.086,17,94,0.99681,3.13,0.4,9.4,Poor
7.4,0.24,0.29,10.1,0.05,21,105,0.9962,3.13,0.35,9.5,Poor
7.4,0.21,0.8,12.3,0.038,77,183,0.99778,2.95,0.48,9,Poor
7.2,0.34,0.34,12.6,0.048,7,41,0.9942,3.19,0.4,11.7,Poor
6.5,0.39,0.81,1.2,0.217,14,74,0.9936,3.08,0.53,9.5,Poor
5.8,0.33,0.23,5,0.053,29,106,0.99458,3.13,0.52,9,Poor
5.9,0.3,0.23,4.2,0.038,42,119,0.9924,3.15,0.5,11,Poor
6,0.2,0.71,1.6,0.15,10,54,0.9927,3.12,0.47,9.8,Poor
6.4,0.32,0.26,7.9,0.05,53,180,0.99514,3.14,0.5,9.6,Poor
6.5,0.41,0.64,11.8,0.065,65,225,0.9978,3.12,0.51,8.9,Poor
6.5,0.52,0.17,1.4,0.047,5,26,0.9932,3.26,0.32,10,Poor
6.8,0.18,0.46,1.4,0.064,37,160,0.9924,3.37,0.45,11.1,Poor
7.5,0.23,0.68,11,0.047,37,133,0.9978,2.99,0.38,8.8,Poor
6.6,0.19,0.33,1.8,0.035,42,148,0.99196,3.15,0.36,10.2,Poor
6.7,0.18,0.3,6.4,0.048,40,251,0.9956,3.29,0.52,10,Poor
6.8,0.29,0.16,1.4,0.038,122.5,234.5,0.9922,3.15,0.47,10,Poor
7.8,0.21,0.27,1.2,0.051,20,89,0.9936,3.06,0.46,9.1,Poor
6.5,0.23,0.36,16.3,0.038,43,133,0.99924,3.26,0.41,8.8,Poor
5.8,0.26,0.24,9.2,0.044,55,152,0.9961,3.31,0.38,9.4,Poor
6.5,0.39,0.35,1.6,0.049,10,164,0.99516,3.35,0.51,9.7,Poor
7.2,0.23,0.19,13.7,0.052,47,197,0.99865,3.12,0.53,9,Poor
6.9,0.33,0.28,1.3,0.051,37,187,0.9927,3.27,0.6,10.3,Poor
7.4,0.38,0.27,7.5,0.041,24,160,0.99535,3.17,0.43,10,Poor
7.5,0.29,0.24,9.9,0.058,25,115,0.99567,3.15,0.46,10.9,Poor
6.5,0.23,0.38,1.3,0.032,29,112,0.99298,3.29,0.54,9.7,Poor
7.8,0.25,0.37,1,0.043,10,80,0.99128,3.08,0.38,11.4,Poor
8.5,0.2,0.4,1.1,0.046,31,106,0.99194,3,0.35,10.5,Poor
6.6,0.22,0.37,1.6,0.04,31,101,0.99009,3.15,0.66,12,Poor
6.5,0.36,0.36,6.7,0.185,51.5,151,0.99528,3.17,0.42,9.3,Poor
7.3,0.36,0.54,13.3,0.054,63,193,0.99864,3.06,0.49,8.6,Poor
6.6,0.3,0.3,4.8,0.17,60,166,0.9946,3.18,0.47,9.4,Poor
6.1,0.27,0.3,16.7,0.039,49,172,0.99985,3.4,0.45,9.4,Poor
5.8,0.36,0.38,0.9,0.037,3,75,0.9904,3.28,0.34,11.4,Poor
6.3,0.18,0.22,5.6,0.047,45,147,0.99383,3.09,0.54,10,Poor
6.1,0.22,0.25,12.1,0.035,54,135,0.99481,3.21,0.4,10.7,Poor
7.4,0.25,0.37,13.5,0.06,52,192,0.9975,3,0.44,9.1,Poor
7.8,0.21,0.49,1.35,0.052,6,48,0.9911,3.15,0.28,11.4,Poor
8.6,0.23,0.4,4.2,0.035,17,109,0.9947,3.14,0.53,9.7,Poor
5.7,0.1,0.27,1.3,0.047,21,100,0.9928,3.27,0.46,9.5,Poor
7.4,0.27,0.26,11.8,0.053,55,173,0.99699,3.11,0.6,9.8,Poor
7.3,0.32,0.29,1.5,0.038,32,144,0.99296,3.2,0.55,10.8,Poor
7.3,0.25,0.26,7.2,0.048,52,207,0.99587,3.12,0.37,9.2,Poor
6.7,0.29,0.45,14.3,0.054,30,181,0.99869,3.14,0.57,9.1,Poor
7.1,0.37,0.67,10.5,0.045,49,155,0.9975,3.16,0.44,8.7,Poor
6.6,0.24,0.28,1.8,0.028,39,132,0.99182,3.34,0.46,11.4,Poor
6.5,0.51,0.25,1.7,0.048,39,177,0.99212,3.28,0.57,10.56666667,Poor
7.7,0.28,0.29,4.3,0.051,25,142,0.9939,3.16,0.39,10.2,Poor
7.1,0.47,0.24,6,0.044,11,77,0.9956,3.21,0.56,9.7,Poor
6.6,0.26,0.56,15.4,0.053,32,141,0.9981,3.11,0.49,9.3,Poor
6.2,0.33,0.19,5.6,0.042,22,143,0.99425,3.15,0.63,9.9,Poor
6,0.26,0.34,1.3,0.046,6,29,0.9924,3.29,0.63,10.4,Poor
6.8,0.24,0.49,19.3,0.057,55,247,1.00055,3,0.56,8.7,Poor
6.3,0.27,0.51,7.6,0.049,35,200,0.99548,3.16,0.54,9.4,Poor
5.3,0.3,0.2,1.1,0.077,48,166,0.9944,3.3,0.54,8.7,Poor
6.9,0.4,0.56,11.2,0.043,40,142,0.9975,3.14,0.46,8.7,Poor
7.2,0.55,0.09,1.5,0.108,16,151,0.9938,3.07,0.57,9.2,Poor
7.5,0.32,0.24,4.6,0.053,8,134,0.9958,3.14,0.5,9.1,Poor
8,0.55,0.17,8.2,0.04,13,60,0.9956,3.09,0.3,9.5,Poor
6.8,0.22,0.26,1.2,0.041,29,182,0.99104,3.04,0.35,11.2,Poor
6.2,0.29,0.29,5.6,0.046,35,178,0.99313,3.25,0.51,10.53333333,Poor
6.8,0.26,0.46,8.3,0.037,49,173,0.99601,3.17,0.47,9.3,Poor
10.3,0.17,0.47,1.4,0.037,5,33,0.9939,2.89,0.28,9.6,Poor
9.2,0.34,0.27,1.2,0.026,17,73,0.9921,3.08,0.39,10.8,Poor
7.4,0.33,0.26,15.6,0.049,67,210,0.99907,3.06,0.68,9.5,Poor
6.7,0.47,0.34,8.9,0.043,31,172,0.9964,3.22,0.6,9.2,Poor
7.2,0.23,0.25,18.8,0.085,19,111,1.00044,3.1,0.51,8.7,Poor
5.9,0.17,0.28,0.7,0.027,5,28,0.98985,3.13,0.32,10.6,Poor
7.1,0.4,0.52,1.3,0.148,45,149,0.99468,3.08,0.56,8.7,Poor
7,0.23,0.28,2.7,0.053,16,92,0.99372,3.18,0.56,9.3,Poor
8.1,0.2,0.3,1.3,0.036,7,49,0.99242,2.99,0.73,10.3,Poor
6.7,0.325,0.82,1.2,0.152,49,120,0.99312,2.99,0.38,9.2,Poor
6.6,0.27,0.31,5.3,0.137,35,163,0.9951,3.2,0.38,9.3,Poor
5.8,0.24,0.44,3.5,0.029,5,109,0.9913,3.53,0.43,11.7,Poor
5.7,0.33,0.15,1.9,0.05,20,93,0.9934,3.38,0.62,9.9,Poor
7.1,0.46,0.23,13.7,0.045,44,192,0.9981,3.11,0.53,9.4,Poor
7.2,0.17,0.41,1.6,0.052,24,126,0.99228,3.19,0.49,10.8,Poor
7,0.23,0.42,1.1,0.062,35,100,0.99318,3.04,0.4,9.2,Poor
6.4,0.15,0.29,1.8,0.044,21,115,0.99166,3.1,0.38,10.2,Poor
7.4,0.28,0.4,11.9,0.032,13,92,0.99629,3.01,0.46,10.8,Poor
8.5,0.17,0.49,8.8,0.048,23,108,0.9947,2.88,0.34,10.5,Poor
6.8,0.39,0.31,14.35,0.043,28,162,0.9988,3.17,0.54,9.1,Poor
8.9,0.33,0.34,1.4,0.056,14,171,0.9946,3.13,0.47,9.7,Poor
6.8,0.3,0.33,12.8,0.041,60,168,0.99659,3.1,0.56,9.8,Poor
6.3,0.24,0.37,1.8,0.031,6,61,0.9897,3.3,0.34,12.2,Poor
6.6,0.26,0.56,15.4,0.053,32,141,0.9981,3.11,0.49,9.3,Poor
6.4,0.3,0.38,7.8,0.046,35,192,0.9955,3.1,0.37,9,Poor
8.5,0.17,0.31,1,0.024,13,91,0.993,2.79,0.37,10.1,Poor
6,0.28,0.29,19.3,0.051,36,174,0.99911,3.14,0.5,9,Poor
7.3,0.36,0.34,14.8,0.057,46,173,0.99751,3.14,0.57,10.2,Poor
6.6,0.28,0.41,7,0.046,59,194,0.99558,3.14,0.48,9.4,Poor
8.1,0.28,0.46,15.4,0.059,32,177,1.0004,3.27,0.58,9,Poor
6.3,0.26,0.25,7.8,0.058,44,166,0.9961,3.24,0.41,9,Poor
6.5,0.425,0.4,13.1,0.038,59,241,0.9979,3.23,0.57,9,Poor
8.1,0.31,0.24,1.6,0.032,10,67,0.9924,3.08,0.47,10.5,Poor
6.8,0.3,0.23,4.6,0.061,50.5,238.5,0.9958,3.32,0.6,9.5,Poor
6.6,0.15,0.34,5.1,0.055,34,125,0.9942,3.36,0.42,9.6,Poor
6.4,0.31,0.31,12.9,0.045,55,161,0.99546,3.02,0.59,10.2,Poor
6.9,0.3,0.36,4.5,0.054,31,203,0.99513,3.4,0.57,10.4,Poor
7.5,0.3,0.71,1.3,0.16,44,149,0.9948,3.08,0.42,8.9,Poor
6.7,0.31,0.34,6.8,0.059,51,215,0.99538,3.33,0.56,10.3,Poor
6.6,0.34,0.18,6.4,0.082,47,240,0.9971,3.42,0.48,9.2,Poor
5.3,0.76,0.03,2.7,0.043,27,93,0.9932,3.34,0.38,9.2,Poor
7.5,0.31,0.51,14.8,0.039,62,204,0.9982,3.06,0.6,9.5,Poor
7.2,0.6,0.2,9.9,0.07,21,174,0.9971,3.03,0.54,9.1,Poor
5.7,0.45,0.42,1.1,0.051,61,197,0.9932,3.02,0.4,9,Poor
6.6,0.4,0.46,6.2,0.056,42,241,0.9968,3.5,0.6,9.9,Poor
6.8,0.17,0.32,1.4,0.04,35,106,0.99026,3.16,0.66,12,Poor
6.4,0.24,0.5,11.6,0.047,60,211,0.9966,3.18,0.57,9.3,Poor
6.7,0.14,0.46,1.6,0.036,15,92,0.99264,3.37,0.49,10.9,Poor
5.8,0.25,0.24,13.3,0.044,41,137,0.9972,3.34,0.42,9.5,Poor
9.2,0.35,0.39,0.9,0.042,15,61,0.9924,2.96,0.28,10.4,Poor
7.7,0.26,0.32,1.2,0.04,26,117,0.993,3.21,0.56,10.8,Poor
11.8,0.23,0.38,11.1,0.034,15,123,0.9997,2.93,0.55,9.7,Poor
6.8,0.26,0.29,16.95,0.056,48,179,0.9998,3.45,0.4,9.6,Poor
7.1,0.27,0.28,1.25,0.023,3,89,0.98993,2.95,0.3,11.4,Poor
7.2,0.39,0.62,11,0.047,66,178,0.9976,3.16,0.5,8.7,Poor
7,0.12,0.19,4.9,0.055,27,127,0.9953,3.29,0.41,9.4,Poor
6.3,0.28,0.22,9.5,0.04,30,111,0.99338,3.05,0.31,10.8,Poor
7.6,0.17,0.36,4.5,0.042,26,102,0.99427,3.09,0.47,9.5,Poor
6.5,0.31,0.14,7.5,0.044,34,133,0.9955,3.22,0.5,9.5,Poor
6.2,0.25,0.54,7,0.046,58,176,0.99454,3.19,0.7,10.4,Poor
6.2,0.25,0.44,15.8,0.057,39,167,0.99804,3.14,0.51,9.2,Poor
6.9,0.25,0.24,3.6,0.057,13,85,0.9942,2.99,0.48,9.5,Poor
7.1,0.35,0.24,15.4,0.055,46,198,0.9988,3.12,0.49,8.8,Poor
7.2,0.34,0.23,8.9,0.105,22,155,0.99692,3.01,0.58,9.5,Poor
6.3,0.305,0.22,16,0.061,26,141,0.99824,3.08,0.5,9.1,Poor
7.5,0.33,0.39,12.4,0.065,29,119,0.9974,3.16,0.39,9.4,Poor
5.7,0.46,0.46,1.4,0.04,31,169,0.9932,3.13,0.47,8.8,Poor
6.3,0.19,0.33,10.1,0.063,63,133,0.99561,2.86,0.41,9.1,Poor
7.1,0.25,0.28,1.6,0.052,46,169,0.9926,3.05,0.41,10.5,Poor
7.6,0.18,0.49,18.05,0.046,36,158,0.9996,3.06,0.41,9.2,Poor
8.1,0.2,0.3,1.3,0.036,7,49,0.99242,2.99,0.73,10.3,Poor
7.4,0.24,0.29,10.1,0.05,21,105,0.9962,3.13,0.35,9.5,Poor
9.2,0.28,0.46,3.2,0.058,39,133,0.996,3.14,0.58,9.5,Poor
7,0.23,0.42,18.05,0.05,35,144,0.9999,3.22,0.42,8.8,Poor
7.6,0.47,0.49,13,0.239,42,220,0.9988,2.96,0.51,9.2,Poor
6.8,0.2,0.25,6.2,0.052,22,106,0.9935,3.09,0.54,10.8,Poor
7.2,0.4,0.62,10.8,0.041,70,189,0.9976,3.08,0.49,8.6,Poor
5.8,0.28,0.18,1.2,0.058,7,108,0.99288,3.23,0.58,9.55,Poor
7.5,0.3,0.32,1.4,0.032,31,161,0.99154,2.95,0.42,10.5,Poor
6.6,0.25,0.33,8.5,0.042,29,141,0.99546,3.28,0.6,10.4,Poor
6.7,0.34,0.31,16.4,0.051,20,146,0.99834,3.06,0.54,9.1,Poor
5.9,0.23,0.3,12.9,0.054,57,170,0.9972,3.28,0.39,9.4,Poor
7.8,0.24,0.38,2.1,0.058,14,167,0.994,3.21,0.55,9.9,Poor
7,0.39,0.31,5.3,0.169,32,162,0.9965,3.2,0.48,9.4,Poor
5.6,0.39,0.24,4.7,0.034,27,77,0.9906,3.28,0.36,12.7,Poor
6.2,0.32,0.12,4.8,0.054,6,97,0.99424,3.16,0.5,9.3,Poor
8,0.55,0.42,12.6,0.211,37,213,0.9988,2.99,0.56,9.3,Poor
6.5,0.24,0.24,1.6,0.046,15,60,0.9928,3.19,0.39,9.8,Poor
7,0.46,0.2,16.7,0.046,50,184,0.99898,3.08,0.56,9.4,Poor
6.7,0.31,0.32,14.5,0.038,6,79,0.99412,3.14,0.34,12.5,Poor
6.8,0.24,0.31,18.3,0.046,40,142,1,3.3,0.41,8.7,Poor
6.7,0.23,0.17,1.3,0.061,14,100,0.9925,3.07,0.55,9.5,Poor
6.9,0.28,0.22,10,0.052,36,131,0.99696,3.08,0.46,9.6,Poor
6.8,0.32,0.34,6,0.05,5,129,0.9953,3.19,0.4,9.1,Poor
5.8,0.26,0.24,9.2,0.044,55,152,0.9961,3.31,0.38,9.4,Poor
6.4,0.28,0.23,6,0.051,50,162,0.994,3.15,0.52,10.2,Poor
5.6,0.12,0.26,4.3,0.038,18,97,0.99477,3.36,0.46,9.2,Poor
8,0.74,0.21,4,0.05,24,133,0.99418,3.06,0.38,9.7,Poor
5.5,0.12,0.33,1,0.038,23,131,0.99164,3.25,0.45,9.8,Poor
6.4,0.31,0.39,7.5,0.04,57,213,0.99475,3.32,0.43,10,Poor
6,0.21,0.24,12.1,0.05,55,164,0.997,3.34,0.39,9.4,Poor
5.5,0.19,0.27,0.9,0.04,52,103,0.99026,3.5,0.39,11.2,Poor
7.3,0.3,0.25,2.5,0.045,32,122,0.99329,3.18,0.54,10.3,Poor
6.8,0.25,0.27,10.7,0.076,47,154,0.9967,3.05,0.38,9,Poor
7.2,0.21,0.36,15.7,0.045,68,183,0.99922,3.25,0.76,9.4,Poor
9.3,0.31,0.49,1.3,0.042,34,147,0.9948,3.11,0.46,9.8,Poor
6.2,0.34,0.3,11.1,0.047,28,237,0.9981,3.18,0.49,8.7,Poor
6.9,0.19,0.33,1.6,0.043,63,149,0.9925,3.44,0.52,10.8,Poor
8.4,0.28,0.4,8.9,0.048,33,146,0.9988,3.4,0.46,9.3,Poor
7.7,0.31,0.36,4.3,0.026,15,87,0.99152,3.11,0.48,12,Poor
6.4,0.37,0.2,5.6,0.117,61,183,0.99459,3.24,0.43,9.5,Poor
8.4,0.17,0.31,5.4,0.052,47,150,0.9953,3.24,0.38,9.8,Poor
6.6,0.55,0.01,2.7,0.034,56,122,0.9906,3.15,0.3,11.9,Poor
6.1,0.38,0.14,3.9,0.06,27,113,0.99344,3.07,0.34,9.2,Poor
7.4,0.44,0.2,11.5,0.049,44,157,0.998,3.27,0.44,9,Poor
6.8,0.27,0.26,16.1,0.049,55,196,0.9984,3.15,0.5,9.3,Poor
6.2,0.345,0.27,10.1,0.056,38,187,0.99486,3.31,0.56,10.6,Poor
6.4,0.25,0.57,1,0.062,21,122,0.99238,3,0.4,9.5,Poor
7.3,0.15,0.4,2,0.05,24,92,0.9932,3.14,0.45,10.5,Poor
6.7,0.41,0.34,9.2,0.049,29,150,0.9968,3.22,0.51,9.1,Poor
7.6,0.345,0.26,1.9,0.043,15,134,0.9936,3.08,0.38,9.5,Poor
6.9,0.2,0.34,1.9,0.043,25,136,0.9935,3.31,0.6,10.1,Poor
8.1,0.33,0.22,5.2,0.047,24,151,0.99527,3.22,0.47,10.3,Poor
7.8,0.32,0.31,1.7,0.036,46,195,0.993,3.03,0.48,10.5,Poor
6.4,0.3,0.33,5.2,0.05,30,137,0.99304,3.26,0.58,11.1,Poor
6.8,0.31,0.32,7.6,0.052,35,143,0.9959,3.14,0.38,9,Poor
7.5,0.17,0.34,1.4,0.035,13,102,0.9918,3.05,0.74,11,Poor
6.7,0.41,0.34,9.2,0.049,29,150,0.9968,3.22,0.51,9.1,Poor
7.4,0.23,0.38,8.6,0.052,41,150,0.99534,3.06,0.46,10.3,Poor
7,0.34,0.39,6.9,0.066,43,162,0.99561,3.11,0.53,9.5,Poor
6.2,0.28,0.43,13,0.039,64,233,0.99745,3.08,0.38,8.9,Poor
6.2,0.31,0.21,6.3,0.041,50,218,0.9941,3.15,0.6,10,Poor
6.8,0.21,0.27,18.15,0.042,41,146,1.0001,3.3,0.36,8.7,Poor
9.4,0.29,0.55,2.2,0.05,17,119,0.9962,3.12,0.69,10.3,Poor
6.6,0.29,0.44,9,0.053,62,178,0.99685,3.02,0.45,8.9,Poor
7.6,0.285,0.32,14.6,0.063,32,201,0.998,3,0.45,9.2,Poor
6.4,0.24,0.29,1,0.038,18,122,0.9906,3.3,0.42,11.5,Poor
6.7,0.3,0.44,18.5,0.057,65,224,0.99956,3.11,0.53,9.1,Poor
6.2,0.27,0.32,8.8,0.047,65,224,0.9961,3.17,0.47,8.9,Poor
7,0.31,0.39,7.5,0.055,42,218,0.99652,3.37,0.54,10.3,Poor
6.6,0.25,0.51,8,0.047,61,189,0.99604,3.22,0.49,9.2,Poor
7.6,0.3,0.25,4.3,0.054,22,111,0.9956,3.12,0.49,9.2,Poor
6.1,0.2,0.25,1.2,0.038,34,128,0.9921,3.24,0.44,10.1,Poor
6.2,0.36,0.14,8.9,0.036,38,155,0.99622,3.27,0.5,9.4,Poor
6.4,0.45,0.07,1.1,0.03,10,131,0.9905,2.97,0.28,10.8,Poor
6.5,0.25,0.27,15.2,0.049,75,217,0.9972,3.19,0.39,9.9,Poor
6.4,0.35,0.35,5.6,0.034,9,148,0.99441,3.17,0.5,9.8,Poor
7,0.39,0.21,10.7,0.098,13,91,0.99657,3.03,0.47,9.3,Poor
6.5,0.26,0.43,8.9,0.083,50,171,0.9965,2.85,0.5,9,Poor
6.15,0.21,0.37,3.2,0.021,20,80,0.99076,3.39,0.47,12,Poor
6.4,0.28,0.36,1.3,0.053,28,186,0.99211,3.31,0.45,10.8,Poor
5.6,0.35,0.14,5,0.046,48,198,0.9937,3.3,0.71,10.3,Poor
5.8,0.28,0.66,9.1,0.039,26,159,0.9965,3.66,0.55,10.8,Poor
6.8,0.32,0.18,7.5,0.041,71,223,0.9959,3.14,0.41,8.9,Poor
8,0.25,0.13,17.2,0.036,49,219,0.9996,2.96,0.46,9.7,Poor
7.1,0.25,0.28,1.2,0.04,31,111,0.99174,3.18,0.53,11.1,Poor
8.3,0.21,0.49,19.8,0.054,50,231,1.0012,2.99,0.54,9.2,Poor
6.9,0.28,0.37,9.1,0.037,16,76,0.9948,3.05,0.54,11.1,Poor
6.8,0.57,0.29,2.2,0.04,15,77,0.9938,3.32,0.74,10.2,Poor
5.7,0.255,0.65,1.2,0.079,17,137,0.99307,3.2,0.42,9.4,Poor
6.2,0.3,0.17,2.8,0.04,24,125,0.9939,3.01,0.46,9,Poor
7.8,0.29,0.29,3.15,0.044,41,117,0.99153,3.24,0.35,11.5,Poor
8.9,0.34,0.34,1.6,0.056,13,176,0.9946,3.14,0.47,9.7,Poor
6.7,0.26,0.26,4,0.079,35.5,216,0.9956,3.31,0.68,9.5,Poor
6.6,0.62,0.2,8.7,0.046,81,224,0.99605,3.17,0.44,9.3,Poor
5.9,0.29,0.16,7.9,0.044,48,197,0.99512,3.21,0.36,9.4,Poor
6.1,0.46,0.32,6.2,0.053,10,94,0.99537,3.35,0.47,10.1,Poor
7.5,0.23,0.35,17.8,0.058,128,212,1.00241,3.44,0.43,8.9,Poor
6.6,0.17,0.28,1.8,0.042,62,178,0.99204,3.15,0.42,10.2,Poor
7.4,0.28,0.42,19.8,0.066,53,195,1,2.96,0.44,9.1,Poor
8.4,0.31,0.31,0.95,0.021,52,148,0.99038,2.93,0.32,11.5,Poor
6,0.14,0.37,1.2,0.032,63,148,0.99185,3.32,0.44,11.2,Poor
8.2,0.38,0.49,13.6,0.042,58,166,0.99855,3.1,0.54,9.4,Poor
7.1,0.32,0.24,13.1,0.05,52,204,0.998,3.1,0.49,8.8,Poor
7.3,0.24,0.39,17.95,0.057,45,149,0.9999,3.21,0.36,8.6,Poor
7.2,0.16,0.26,7.1,0.054,41,224,0.9966,3.38,0.55,10.1,Poor
8.2,0.52,0.34,1.2,0.042,18,167,0.99366,3.24,0.39,10.6,Poor
8.7,0.24,0.35,0.6,0.042,11,71,0.9926,3.08,0.38,10.6,Poor
6.3,0.39,0.24,6.9,0.069,9,117,0.9942,3.15,0.35,10.2,Poor
7.4,0.34,0.28,12.1,0.049,31,149,0.99677,3.22,0.49,10.3,Poor
6.4,0.29,0.44,3.6,0.2,75,181,0.9942,3.02,0.41,9.1,Poor
8,0.23,0.41,1.1,0.048,35,150,0.99168,3.09,0.47,11.2,Poor
6.7,0.35,0.48,8.8,0.056,35,167,0.99628,3.04,0.47,9.4,Poor
7.1,0.14,0.35,1.4,0.039,24,128,0.99212,2.97,0.68,10.4,Poor
8.6,0.485,0.29,4.1,0.026,19,101,0.9918,3.01,0.38,12.4,Poor
6.6,0.27,0.25,3.1,0.052,41,188,0.9915,3.24,0.4,11.3,Poor
8.8,0.2,0.28,1.1,0.018,18,72,0.9926,2.97,0.35,10.4,Poor
6.5,0.32,0.23,8.5,0.051,20,138,0.9943,3.03,0.42,10.7,Poor
6.6,0.22,0.53,15.1,0.052,22,136,0.9986,2.94,0.35,9.4,Poor
7,0.28,0.28,1.4,0.039,12,83,0.99173,3.18,0.65,11.1,Poor
6.6,0.27,0.33,1.4,0.042,24,183,0.99215,3.29,0.46,10.7,Poor
9.3,0.2,0.33,1.7,0.05,28,178,0.9954,3.16,0.43,9,Poor
6.9,0.41,0.33,10.1,0.043,28,152,0.9968,3.2,0.52,9.4,Poor
7.6,0.4,0.27,1.2,0.053,23,193,0.99164,3.22,0.38,11.6,Poor
7.4,0.33,0.26,15.6,0.049,67,210,0.99907,3.06,0.68,9.5,Poor
7.4,0.38,0.34,8.3,0.052,44,168,0.99627,3.11,0.52,9.2,Poor
7.4,0.31,0.74,10.7,0.039,51,147,0.9977,3.02,0.43,8.7,Poor
6.8,0.21,0.27,18.15,0.042,41,146,1.0001,3.3,0.36,8.7,Poor
7.2,0.23,0.25,18.8,0.085,19,111,1.00044,3.1,0.51,8.7,Poor
8.4,0.29,0.29,1.05,0.032,4,55,0.9908,2.91,0.32,11.4,Poor
7,0.14,0.28,1.3,0.026,10,56,0.99352,3.46,0.45,9.9,Poor
6.4,0.25,0.57,1,0.062,21,122,0.99238,3,0.4,9.5,Poor
6.6,0.37,0.07,1.4,0.048,58,144,0.9922,3.17,0.38,10,Poor
6.2,0.35,0.03,1.2,0.064,29,120,0.9934,3.22,0.54,9.1,Poor
8.9,0.13,0.49,1,0.028,6,24,0.9926,2.91,0.32,9.9,Poor
7.2,0.26,0.32,10.4,0.062,23,114,0.9966,3.23,0.49,10.5,Poor
6.6,0.24,0.38,8,0.042,56,187,0.99577,3.21,0.46,9.2,Poor
6.5,0.32,0.12,11.5,0.033,35,165,0.9974,3.22,0.32,9,Poor
8.6,0.22,0.33,1.2,0.031,38,95,0.99239,2.83,0.31,10.3,Poor
7,0.25,0.29,15.2,0.047,40,171,0.9982,3.22,0.45,9.3,Poor
5.3,0.23,0.56,0.9,0.041,46,141,0.99119,3.16,0.62,9.7,Poor
6,0.395,0,1.4,0.042,7,55,0.99135,3.37,0.38,11.2,Poor
6.4,0.22,0.31,13.9,0.04,57,135,0.99672,3.21,0.38,10.7,Poor
6.2,0.26,0.32,15.3,0.031,64,185,0.99835,3.31,0.61,9.4,Poor
8,0.16,0.36,1.5,0.033,14,122,0.9941,3.2,0.39,10.3,Poor
6.9,0.35,0.55,11.95,0.038,22,111,0.99687,3.11,0.29,9.7,Poor
5.7,0.335,0.34,1,0.04,13,174,0.992,3.27,0.66,10,Poor
6.4,0.24,0.25,20.2,0.083,35,157,0.99976,3.17,0.5,9.1,Poor
6.3,0.29,0.14,7.05,0.045,50,177,0.99564,3.23,0.42,9,Poor
5.6,0.295,0.2,2.2,0.049,18,134,0.99378,3.21,0.68,10,Poor
7.5,0.27,0.31,17.7,0.051,33,173,0.999,3.09,0.64,10.2,Poor
7.6,0.3,0.37,1.6,0.087,27,177,0.99438,3.09,0.5,9.8,Poor
6.9,0.29,0.4,19.45,0.043,36,156,0.9996,2.93,0.47,8.9,Poor
6.2,0.3,0.32,1.2,0.052,32,185,0.99266,3.28,0.44,10.1,Poor
7.4,0.21,0.8,12.3,0.038,77,183,0.99778,2.95,0.48,9,Poor
7.2,0.46,0.65,10.4,0.05,76,192,0.9976,3.16,0.42,8.7,Poor
7.1,0.26,0.32,16.2,0.044,31,170,0.99644,3.17,0.37,11.2,Poor
6.8,0.26,0.22,4.8,0.041,110,198,0.99437,3.29,0.67,10.6,Poor
6.8,0.44,0.37,5.1,0.047,46,201,0.9938,3.08,0.65,10.5,Poor
6.9,0.24,0.4,15.4,0.052,81,198,0.9986,3.2,0.69,9.4,Poor
7.3,0.3,0.74,13.5,0.039,46,165,0.9982,3.02,0.4,8.7,Poor
5.4,0.24,0.18,2.3,0.05,22,145,0.99207,3.24,0.46,10.3,Poor
6.4,0.32,0.5,10.7,0.047,57,206,0.9968,3.08,0.6,9.4,Poor
6.5,0.22,0.25,17.1,0.05,44,138,1.0001,3.3,0.37,8.8,Poor
8.2,0.24,0.3,2.3,0.05,23,106,0.99397,2.98,0.5,10,Poor
6.6,0.31,0.37,6.2,0.052,13,164,0.99602,3.24,0.39,8.8,Poor
7.3,0.24,0.39,17.95,0.057,45,149,0.9999,3.21,0.36,8.6,Poor
6.5,0.28,0.28,8.5,0.047,54,210,0.9962,3.09,0.54,8.9,Poor
6.3,0.34,0.28,14.7,0.047,49,198,0.9977,3.23,0.46,9.5,Poor
7.2,0.31,0.5,13.3,0.056,68,195,0.9982,3.01,0.47,9.2,Poor
8.8,0.35,0.49,1,0.036,14,56,0.992,2.96,0.33,10.5,Poor
7.1,0.21,0.28,2.7,0.034,23,111,0.99405,3.35,0.64,10.2,Poor
7.9,0.21,0.39,2,0.057,21,138,0.99176,3.05,0.52,10.9,Poor
7.3,0.35,0.67,8.3,0.053,10,100,0.9959,3.19,0.5,10.9,Poor
7.2,0.15,0.39,1.8,0.043,21,159,0.9948,3.52,0.47,10,Poor
7.1,0.39,0.35,12.5,0.044,26,72,0.9941,3.17,0.29,11.6,Poor
7.1,0.27,0.31,18.2,0.046,55,252,1,3.07,0.56,8.7,Poor
7.3,0.31,0.25,6.65,0.032,30,138,0.99244,2.9,0.37,11.1,Poor
7.2,0.28,0.38,2,0.052,23,156,0.9912,3.13,0.52,11.1,Poor
9.2,0.19,0.42,2,0.047,16,104,0.99517,3.09,0.66,10,Poor
7.5,0.17,0.37,1.5,0.06,18,75,0.9936,3.54,0.88,10.7,Poor
7.4,0.41,0.34,4.7,0.042,19,127,0.9953,3.25,0.42,10.4,Poor
8.6,0.31,0.3,0.9,0.045,16,109,0.99249,2.95,0.39,10.1,Poor
8.5,0.17,0.31,1,0.024,13,91,0.993,2.79,0.37,10.1,Poor
6.7,0.34,0.3,15.6,0.054,51,196,0.9982,3.19,0.49,9.3,Poor
5.9,0.19,0.37,0.8,0.027,3,21,0.9897,3.09,0.31,10.8,Poor
9.6,0.23,0.4,1.5,0.044,19,135,0.9937,2.96,0.49,10.9,Poor
6.6,0.46,0.49,7.4,0.052,19,184,0.9956,3.11,0.38,9,Poor
6.4,0.29,0.2,15.6,0.04,20,142,0.9962,3.1,0.54,10.6,Poor
7.4,0.35,0.24,6,0.042,28,123,0.99304,3.14,0.44,11.3,Poor
9.8,0.36,0.46,10.5,0.038,4,83,0.9956,2.89,0.3,10.1,Poor
7.9,0.3,0.6,1.85,0.048,13,106,0.99331,3.24,0.49,11.85,Poor
5.8,0.335,0.14,5.8,0.046,49,197,0.9937,3.3,0.71,10.3,Poor
6.8,0.26,0.4,7.5,0.046,45,179,0.99583,3.2,0.49,9.3,Poor
5.4,0.595,0.1,2.8,0.042,26,80,0.9932,3.36,0.38,9.3,Poor
7.6,0.35,0.46,14.7,0.047,33,151,0.99709,3.03,0.53,10.3,Poor
6.3,0.695,0.55,12.9,0.056,58,252,0.99806,3.29,0.49,8.7,Poor
7.8,0.28,0.22,1.4,0.056,24,130,0.9944,3.28,0.48,9.5,Poor
9,0.29,0.34,12.1,0.03,34,177,0.99706,3.13,0.47,10.6,Poor
6,0.555,0.26,4.5,0.053,17,126,0.9943,3.24,0.46,9.1,Poor
6.3,0.24,0.55,8.1,0.04,67,216,0.99596,3.24,0.5,9.2,Poor
6.5,0.22,0.19,4.5,0.096,16,115,0.9937,3.02,0.44,9.6,Poor
6.5,0.22,0.25,17.1,0.05,44,138,1.0001,3.3,0.37,8.8,Poor
6.6,0.36,0.52,10.1,0.05,29,140,0.99628,3.07,0.4,9.4,Poor
6.4,0.23,0.35,10.3,0.042,54,140,0.9967,3.23,0.47,9.2,Poor
6.4,0.34,0.1,1.1,0.048,19,84,0.9927,3.21,0.38,9.8,Poor
6.7,0.27,0.31,15.7,0.036,44,179,0.9979,3.26,0.56,9.6,Poor
8.3,0.27,0.34,10.2,0.048,50,118,0.99716,3.18,0.51,10.3,Poor
6.8,0.29,0.34,3.5,0.054,26,189,0.99489,3.42,0.58,10.4,Poor
6.3,0.32,0.32,1.5,0.03,24,101,0.98923,3.21,0.42,13,Poor
7.3,0.28,0.37,1.2,0.039,26,99,0.99198,3.01,0.62,10.8,Poor
7.6,0.27,0.32,1.2,0.043,23,72,0.99236,3.06,0.68,10.5,Poor
6.5,0.39,0.23,5.4,0.051,25,149,0.9934,3.24,0.35,10,Poor
6.6,0.25,0.36,8.1,0.045,54,180,0.9958,3.08,0.42,9.2,Poor
7,0.44,0.24,12.1,0.056,68,210,0.99718,3.05,0.5,9.5,Poor
7.6,0.38,0.2,3.4,0.046,9,116,0.9944,3.15,0.41,9.4,Poor
6,0.29,0.2,12.6,0.045,45,187,0.9972,3.33,0.42,9.5,Poor
6.1,0.22,0.49,1.5,0.051,18,87,0.9928,3.3,0.46,9.6,Poor
7.2,0.43,0.24,6.7,0.058,40,163,0.995,3.2,0.41,9.9,Poor
7.1,0.26,0.19,8.2,0.051,53,187,0.996,3.16,0.52,9.7,Poor
6.7,0.42,0.39,12.1,0.04,61,248,0.99794,3.31,0.58,9.7,Poor
6.1,0.6,0.12,1.8,0.05,11,76,0.99268,3.42,0.48,10.4,Poor
6.9,0.2,0.41,1.1,0.06,36,104,0.99317,2.99,0.39,9.2,Poor
7.2,0.31,0.24,1.4,0.057,17,117,0.9928,3.16,0.35,10.5,Poor
7,0.24,0.51,11,0.029,55,227,0.9965,3.03,0.61,9.5,Poor
6.9,0.4,0.37,8.9,0.053,36,148,0.996,3.16,0.5,9.3,Poor
7.5,0.21,0.68,10.9,0.045,38,133,0.9978,3,0.36,8.7,Poor
6.3,0.33,0.2,17.9,0.066,36,161,0.9991,3.14,0.51,8.8,Poor
8.3,0.23,0.43,3.2,0.035,14,101,0.9928,3.15,0.36,11.5,Poor
7.6,0.19,0.41,1.1,0.04,38,143,0.9907,2.92,0.42,11.4,Poor
5.2,0.25,0.23,1.4,0.047,20,77,0.99001,3.32,0.62,11.4,Poor
6.5,0.36,0.32,1.1,0.031,13,66,0.9916,3.1,0.46,10.6,Poor
5.8,0.6,0,1.3,0.044,72,197,0.99202,3.56,0.43,10.9,Poor
6.6,0.32,0.33,2.5,0.052,40,219.5,0.99316,3.15,0.6,10,Poor
8.8,0.34,0.33,9.7,0.036,46,172,0.9966,3.08,0.4,10.2,Poor
6.1,0.28,0.25,17.75,0.044,48,161,0.9993,3.34,0.48,9.5,Poor
8.3,0.27,0.39,2.4,0.058,16,107,0.9955,3.28,0.59,10.3,Poor
6.1,1.1,0.16,4.4,0.033,8,109,0.99058,3.35,0.47,12.4,Poor
6.5,0.15,0.55,5.9,0.045,75,162,0.99482,2.97,0.4,9.3,Poor
5.2,0.22,0.46,6.2,0.066,41,187,0.99362,3.19,0.42,9.733333333,Poor
6.8,0.21,0.36,18.1,0.046,32,133,1,3.27,0.48,8.8,Poor
6,0.42,0.41,12.4,0.032,50,179,0.99622,3.14,0.6,9.7,Poor
7.2,0.27,0.74,12.5,0.037,47,156,0.9981,3.04,0.44,8.7,Poor
5.1,0.21,0.28,1.4,0.047,48,148,0.99168,3.5,0.49,10.4,Poor
7.1,0.24,0.41,17.8,0.046,39,145,0.9998,3.32,0.39,8.7,Poor
9.4,0.28,0.3,1.6,0.045,36,139,0.99534,3.11,0.49,9.3,Poor
7.3,0.24,0.39,3.6,0.024,35,116,0.9928,3.17,0.51,10.9,Poor
6.4,0.32,0.23,16.2,0.055,36,176,0.9986,3.26,0.54,9.1,Poor
7,0.18,0.37,1.5,0.043,16,104,0.99216,3.18,0.5,10.8,Poor
8.3,0.33,0.43,9.2,0.046,22,126,0.9982,3.38,0.47,9.3,Poor
7.4,0.38,0.34,8.3,0.052,44,168,0.99627,3.11,0.52,9.2,Poor
7.8,0.25,0.34,13.7,0.044,66,184,0.99976,3.22,0.75,8.9,Poor
7.8,0.25,0.34,13.7,0.044,66,184,0.99976,3.22,0.75,8.9,Poor
7.2,0.31,0.35,7.2,0.046,45,178,0.9955,3.14,0.53,9.7,Poor
7.5,0.2,0.49,1.3,0.031,8,97,0.9918,3.06,0.62,11.1,Poor
8.6,0.23,0.25,11.3,0.031,13,96,0.99645,3.11,0.4,10.8,Poor
9,0.31,0.49,6.9,0.034,26,91,0.9937,2.99,0.34,11.5,Poor
6.8,0.51,0.3,4.2,0.066,38,165,0.9945,3.2,0.42,9.1,Poor
7,0.29,0.33,0.9,0.041,20,117,0.99048,3.21,0.5,11.4,Poor
6.4,0.29,0.18,15,0.04,21,116,0.99736,3.14,0.5,9.2,Poor
5.8,0.54,0,1.4,0.033,40,107,0.98918,3.26,0.35,12.4,Poor
6.5,0.29,0.25,2.5,0.142,8,111,0.9927,3,0.44,9.9,Poor
5.4,0.375,0.4,3.3,0.054,29,147,0.99482,3.42,0.52,9.1,Poor
8.6,0.31,0.3,0.9,0.045,16,109,0.99249,2.95,0.39,10.1,Poor
6.1,0.2,0.4,1.9,0.028,32,138,0.9914,3.26,0.72,11.7,Poor
6.6,0.26,0.22,18.15,0.05,23,139,0.99904,3.06,0.5,9.2,Poor
5.8,0.36,0.5,1,0.127,63,178,0.99212,3.1,0.45,9.7,Poor
8.4,0.31,0.31,0.95,0.021,52,148,0.99038,2.93,0.32,11.5,Poor
6.4,0.32,0.26,7.9,0.05,53,180,0.99514,3.14,0.5,9.6,Poor
6.4,0.24,0.25,20.2,0.083,35,157,0.99976,3.17,0.5,9.1,Poor
8.7,0.31,0.73,14.35,0.044,27,191,1.00013,2.96,0.88,8.7,Poor
7.4,0.32,0.27,1.4,0.049,38,173,0.99335,3.03,0.52,9.3,Poor
7.5,0.34,0.24,3.85,0.031,5,34,0.99098,3.01,0.36,11.8,Poor
6,0.33,0.18,3,0.036,5,85,0.99125,3.28,0.4,11.5,Poor
7.3,0.33,0.22,1.4,0.041,40,177,0.99287,3.14,0.48,9.9,Poor
9.1,0.28,0.49,2,0.059,10,112,0.9958,3.15,0.46,10.1,Poor
6.6,0.38,0.36,9.2,0.061,42,214,0.9976,3.31,0.56,9.4,Poor
6.9,0.43,0.28,9.4,0.056,29,183,0.99594,3.17,0.43,9.4,Poor
8.2,0.36,0.29,7.6,0.035,37,122,0.9939,3.16,0.34,12,Poor
7.9,0.29,0.31,7.35,0.034,37,154,0.9938,3.06,0.31,10.8,Poor
5.7,0.14,0.3,5.4,0.045,26,105,0.99469,3.32,0.45,9.3,Poor
6.2,0.25,0.38,7.9,0.045,54,208,0.99572,3.17,0.46,9.1,Poor
6.9,0.39,0.4,4.6,0.022,5,19,0.9915,3.31,0.37,12.6,Poor
5.9,0.22,0.45,22.6,0.12,55,122,0.99636,3.1,0.35,12.8,Poor
6.4,0.22,0.32,7.9,0.029,34,124,0.9948,3.4,0.39,10.2,Poor
7.2,0.19,0.39,1.2,0.036,32,85,0.9918,3.16,0.5,10.5,Poor
5.9,0.32,0.26,1.5,0.057,17,141,0.9917,3.24,0.36,10.7,Poor
6.9,0.18,0.38,6.5,0.039,20,110,0.9943,3.1,0.42,10.5,Poor
6.9,0.19,0.35,5,0.067,32,150,0.995,3.36,0.48,9.8,Poor
7.2,0.23,0.38,6.1,0.067,20,90,0.99496,3.17,0.79,9.7,Poor
6,0.28,0.49,6.8,0.048,61,222,0.9953,3.19,0.47,9.3,Poor
7.6,0.18,0.36,2.4,0.049,38,123,0.996,3.6,0.46,10.3,Poor
6.4,0.28,0.44,7.1,0.048,49,179,0.99528,3.15,0.48,9.2,Poor
5.3,0.165,0.24,1.1,0.051,25,105,0.9925,3.32,0.47,9.1,Poor
6.6,0.28,0.42,8.2,0.044,60,196,0.99562,3.14,0.48,9.4,Poor
6,0.24,0.32,6.3,0.03,34,129,0.9946,3.52,0.41,10.4,Poor
6.9,0.33,0.31,7.7,0.04,29,135,0.99226,3.11,0.57,12.3,Poor
6.4,0.29,0.28,11.1,0.063,66,169,0.9973,2.89,0.57,9,Poor
7.7,0.3,0.26,18.95,0.053,36,174,0.99976,3.2,0.5,10.4,Poor
7.3,0.815,0.09,11.4,0.044,45,204,0.99713,3.15,0.46,9,Poor
6.6,0.45,0.43,7.2,0.064,31,186,0.9954,3.12,0.44,9.4,Poor
6,0.33,0.27,0.8,0.185,12,188,0.9924,3.12,0.62,9.4,Poor
8.8,0.19,0.3,5,0.028,34,120,0.99242,2.94,0.47,11.2,Poor
7.2,0.25,0.32,1.5,0.047,27,132,0.9933,3.26,0.44,10.5,Poor
7.5,0.33,0.38,8.7,0.126,49,199,0.99711,2.98,0.57,9.4,Poor
7.7,0.3,0.23,2,0.068,28,138,0.99382,3.11,0.62,9.8,Poor
6,0.35,0.46,0.9,0.033,9,65,0.98934,3.24,0.35,12.1,Poor
7.7,0.28,0.35,15.3,0.056,31,117,0.9998,3.27,0.5,9.6,Poor
6.7,0.42,0.39,12.1,0.04,61,248,0.99794,3.31,0.58,9.7,Poor
6.9,0.32,0.16,1.4,0.051,15,96,0.994,3.22,0.38,9.5,Poor
6.9,0.25,0.24,1.8,0.053,6,121,0.993,3.23,0.7,11.4,Poor
6.8,0.22,0.36,1.2,0.052,38,127,0.9933,3.04,0.54,9.2,Poor
6.9,0.44,0.18,11.8,0.051,26,126,0.9975,3.23,0.48,9.1,Poor
6.5,0.46,0.41,16.8,0.084,59,222,0.9993,3.18,0.58,9,Poor
7.5,0.33,0.39,12.4,0.065,29,119,0.9974,3.16,0.39,9.4,Poor
6.9,0.29,0.32,5.8,0.04,16,112,0.993,3.04,0.58,11.2,Poor
6.4,0.5,0.16,12.9,0.042,26,138,0.9974,3.28,0.33,9,Poor
7.4,0.25,0.49,1.1,0.042,35,156,0.9917,3.13,0.55,11.3,Poor
6.9,0.4,0.56,11.2,0.043,40,142,0.9975,3.14,0.46,8.7,Poor
